lottery_type,draw_no,prediction_id,model_name,predicted_numbers,actual_numbers,matched_numbers,missed_numbers,should_have_included_numbers,should_have_excluded_numbers,matched_count,needed_conditions,next_hypothesis,created_at
loto6,2113,2113-20260620-1,出現頻度分析,02-06-21-37-38-42,02-05-32-36-38-42,02-38-42,06-21-37,05-32-36,06-21-37,3,出現頻度分析: 追加候補 05-32-36 を上位に残す / 除外候補 06-21-37 の重みを抑える / 奇数を1枠減らす条件 / 低数字を1枠減らす条件 / 高数字を1枠増やす条件 / 連番を1枠減らす条件,出現頻度分析では、05-32-36を候補に残す条件と、06-21-37の過採用抑制を次回検証する,2026/06/27 09:51:46
loto6,2113,2113-20260620-1,コールドナンバー分析,13-14-16-20-22-23,02-05-32-36-38-42,,13-14-16-20-22-23,02-05-32-36-38-42,13-14-16-20-22-23,0,コールドナンバー分析: 追加候補 02-05-32-36-38-42 を上位に残す / 除外候補 13-14-16-20-22-23 の重みを抑える / 奇数を1枠減らす条件 / 低数字を2枠減らす条件 / 高数字を2枠増やす条件 / 連番を2枠減らす条件 / 合計値を47程度上げる条件,コールドナンバー分析では、02-05-32-36-38-42を候補に残す条件と、13-14-16-20-22-23の過採用抑制を次回検証する,2026/06/27 09:51:46
loto6,2113,2113-20260620-1,ホットナンバー分析,08-18-27-28-36-43,02-05-32-36-38-42,36,08-18-27-28-43,02-05-32-38-42,08-18-27-28-43,1,ホットナンバー分析: 追加候補 02-05-32-38-42 を上位に残す / 除外候補 08-18-27-28-43 の重みを抑える / 奇数を1枠減らす条件 / 連番を1枠減らす条件,ホットナンバー分析では、02-05-32-38-42を候補に残す条件と、08-18-27-28-43の過採用抑制を次回検証する,2026/06/27 09:51:46
loto6,2113,2113-20260620-1,奇数偶数分析,02-06-24-26-38-42,02-05-32-36-38-42,02-38-42,06-24-26,05-32-36,06-24-26,3,奇数偶数分析: 追加候補 05-32-36 を上位に残す / 除外候補 06-24-26 の重みを抑える / 奇数を1枠増やす条件 / 同じ下一桁を1枠減らす条件 / 合計値を17程度上げる条件,奇数偶数分析では、05-32-36を候補に残す条件と、06-24-26の過採用抑制を次回検証する,2026/06/27 09:51:46
loto6,2113,2113-20260620-1,合計値分析,19-21-22-23-24-26,02-05-32-36-38-42,,19-21-22-23-24-26,02-05-32-36-38-42,19-21-22-23-24-26,0,合計値分析: 追加候補 02-05-32-36-38-42 を上位に残す / 除外候補 19-21-22-23-24-26 の重みを抑える / 奇数を2枠減らす条件 / 連番を3枠減らす条件 / 同じ下一桁を1枠増やす条件 / 合計値を20程度上げる条件,合計値分析では、02-05-32-36-38-42を候補に残す条件と、19-21-22-23-24-26の過採用抑制を次回検証する,2026/06/27 09:51:46
loto6,2113,2113-20260620-1,高低分析,01-05-08-18-27-28,02-05-32-36-38-42,05,01-08-18-27-28,02-32-36-38-42,01-08-18-27-28,1,高低分析: 追加候補 02-32-36-38-42 を上位に残す / 除外候補 01-08-18-27-28 の重みを抑える / 奇数を2枠減らす条件 / 低数字を2枠減らす条件 / 高数字を2枠増やす条件 / 連番を1枠減らす条件 / 合計値を68程度上げる条件,高低分析では、02-32-36-38-42を候補に残す条件と、01-08-18-27-28の過採用抑制を次回検証する,2026/06/27 09:51:46
loto6,2113,2113-20260620-1,連番分析,18-20-25-28-36-43,02-05-32-36-38-42,36,18-20-25-28-43,02-05-32-38-42,18-20-25-28-43,1,連番分析: 追加候補 02-05-32-38-42 を上位に残す / 除外候補 18-20-25-28-43 の重みを抑える / 奇数を1枠減らす条件 / 合計値を15程度下げる条件,連番分析では、02-05-32-38-42を候補に残す条件と、18-20-25-28-43の過採用抑制を次回検証する,2026/06/27 09:51:46
loto6,2113,2113-20260620-1,下一桁分析,06-08-18-26-28-38,02-05-32-36-38-42,38,06-08-18-26-28,02-05-32-36-42,06-08-18-26-28,1,下一桁分析: 追加候補 02-05-32-36-42 を上位に残す / 除外候補 06-08-18-26-28 の重みを抑える / 奇数を1枠増やす条件 / 低数字を1枠減らす条件 / 高数字を1枠増やす条件 / 同じ下一桁を1枠減らす条件 / 合計値を31程度上げる条件,下一桁分析では、02-05-32-36-42を候補に残す条件と、06-08-18-26-28の過採用抑制を次回検証する,2026/06/27 09:51:46
loto6,2113,2113-20260620-1,ペア分析,06-18-24-30-36-37,02-05-32-36-38-42,36,06-18-24-30-37,02-05-32-38-42,06-18-24-30-37,1,ペア分析: 追加候補 02-05-32-38-42 を上位に残す / 除外候補 06-18-24-30-37 の重みを抑える / 連番を1枠減らす条件,ペア分析では、02-05-32-38-42を候補に残す条件と、06-18-24-30-37の過採用抑制を次回検証する,2026/06/27 09:51:46
loto6,2113,2113-20260620-1,トリプル分析,06-18-24-36-37-42,02-05-32-36-38-42,36-42,06-18-24-37,02-05-32-38,06-18-24-37,2,トリプル分析: 追加候補 02-05-32-38 を上位に残す / 除外候補 06-18-24-37 の重みを抑える / 連番を1枠減らす条件,トリプル分析では、02-05-32-38を候補に残す条件と、06-18-24-37の過採用抑制を次回検証する,2026/06/27 09:51:46
loto6,2113,2113-20260620-1,ボーナス数字分析,04-06-26-27-28-34,02-05-32-36-38-42,,04-06-26-27-28-34,02-05-32-36-38-42,04-06-26-27-28-34,0,ボーナス数字分析: 追加候補 02-05-32-36-38-42 を上位に残す / 除外候補 04-06-26-27-28-34 の重みを抑える / 連番を2枠減らす条件 / 同じ下一桁を1枠減らす条件 / 合計値を30程度上げる条件,ボーナス数字分析では、02-05-32-36-38-42を候補に残す条件と、04-06-26-27-28-34の過採用抑制を次回検証する,2026/06/27 09:51:46
loto6,2113,2113-20260620-1,マルコフ連鎖,06-21-22-24-37-38,02-05-32-36-38-42,38,06-21-22-24-37,02-05-32-36-42,06-21-22-24-37,1,マルコフ連鎖: 追加候補 02-05-32-36-42 を上位に残す / 除外候補 06-21-22-24-37 の重みを抑える / 奇数を1枠減らす条件 / 連番を2枠減らす条件 / 同じ下一桁を1枠増やす条件,マルコフ連鎖では、02-05-32-36-42を候補に残す条件と、06-21-22-24-37の過採用抑制を次回検証する,2026/06/27 09:51:46
loto6,2113,2113-20260620-1,ベイズ推定,08-18-27-28-36-43,02-05-32-36-38-42,36,08-18-27-28-43,02-05-32-38-42,08-18-27-28-43,1,ベイズ推定: 追加候補 02-05-32-38-42 を上位に残す / 除外候補 08-18-27-28-43 の重みを抑える / 奇数を1枠減らす条件 / 連番を1枠減らす条件,ベイズ推定では、02-05-32-38-42を候補に残す条件と、08-18-27-28-43の過採用抑制を次回検証する,2026/06/27 09:51:46
loto6,2113,2113-20260620-1,モンテカルロシミュレーション,06-08-19-27-28-37,02-05-32-36-38-42,,06-08-19-27-28-37,02-05-32-36-38-42,06-08-19-27-28-37,0,モンテカルロシミュレーション: 追加候補 02-05-32-36-38-42 を上位に残す / 除外候補 06-08-19-27-28-37 の重みを抑える / 奇数を2枠減らす条件 / 低数字を1枠減らす条件 / 高数字を1枠増やす条件 / 連番を1枠減らす条件 / 同じ下一桁を1枠減らす条件 / 合計値を30程度上げる条件,モンテカルロシミュレーションでは、02-05-32-36-38-42を候補に残す条件と、06-08-19-27-28-37の過採用抑制を次回検証する,2026/06/27 09:51:46
loto6,2113,2113-20260620-1,機械学習モデル,06-08-18-28-36-37,02-05-32-36-38-42,36,06-08-18-28-37,02-05-32-38-42,06-08-18-28-37,1,機械学習モデル: 追加候補 02-05-32-38-42 を上位に残す / 除外候補 06-08-18-28-37 の重みを抑える / 低数字を1枠減らす条件 / 高数字を1枠増やす条件 / 連番を1枠減らす条件 / 同じ下一桁を1枠減らす条件 / 合計値を22程度上げる条件,機械学習モデルでは、02-05-32-38-42を候補に残す条件と、06-08-18-28-37の過採用抑制を次回検証する,2026/06/27 09:51:46
loto6,2113,2113-20260620-1,ランダム予測モデル,06-13-26-32-35-43,02-05-32-36-38-42,32,06-13-26-35-43,02-05-36-38-42,06-13-26-35-43,1,ランダム予測モデル: 追加候補 02-05-36-38-42 を上位に残す / 除外候補 06-13-26-35-43 の重みを抑える / 奇数を2枠減らす条件 / 同じ下一桁を1枠減らす条件,ランダム予測モデルでは、02-05-36-38-42を候補に残す条件と、06-13-26-35-43の過採用抑制を次回検証する,2026/06/27 09:51:46
loto6,2113,2113-20260620-2,出現頻度分析,02-06-21-37-38-42,02-05-32-36-38-42,02-38-42,06-21-37,05-32-36,06-21-37,3,出現頻度分析: 追加候補 05-32-36 を上位に残す / 除外候補 06-21-37 の重みを抑える / 奇数を1枠減らす条件 / 低数字を1枠減らす条件 / 高数字を1枠増やす条件 / 連番を1枠減らす条件,出現頻度分析では、05-32-36を候補に残す条件と、06-21-37の過採用抑制を次回検証する,2026/06/27 09:51:46
loto6,2113,2113-20260620-2,コールドナンバー分析,13-14-16-20-22-23,02-05-32-36-38-42,,13-14-16-20-22-23,02-05-32-36-38-42,13-14-16-20-22-23,0,コールドナンバー分析: 追加候補 02-05-32-36-38-42 を上位に残す / 除外候補 13-14-16-20-22-23 の重みを抑える / 奇数を1枠減らす条件 / 低数字を2枠減らす条件 / 高数字を2枠増やす条件 / 連番を2枠減らす条件 / 合計値を47程度上げる条件,コールドナンバー分析では、02-05-32-36-38-42を候補に残す条件と、13-14-16-20-22-23の過採用抑制を次回検証する,2026/06/27 09:51:46
loto6,2113,2113-20260620-2,ホットナンバー分析,08-18-27-28-36-43,02-05-32-36-38-42,36,08-18-27-28-43,02-05-32-38-42,08-18-27-28-43,1,ホットナンバー分析: 追加候補 02-05-32-38-42 を上位に残す / 除外候補 08-18-27-28-43 の重みを抑える / 奇数を1枠減らす条件 / 連番を1枠減らす条件,ホットナンバー分析では、02-05-32-38-42を候補に残す条件と、08-18-27-28-43の過採用抑制を次回検証する,2026/06/27 09:51:46
loto6,2113,2113-20260620-2,奇数偶数分析,02-06-24-26-38-42,02-05-32-36-38-42,02-38-42,06-24-26,05-32-36,06-24-26,3,奇数偶数分析: 追加候補 05-32-36 を上位に残す / 除外候補 06-24-26 の重みを抑える / 奇数を1枠増やす条件 / 同じ下一桁を1枠減らす条件 / 合計値を17程度上げる条件,奇数偶数分析では、05-32-36を候補に残す条件と、06-24-26の過採用抑制を次回検証する,2026/06/27 09:51:46
loto6,2113,2113-20260620-2,合計値分析,19-21-22-23-24-26,02-05-32-36-38-42,,19-21-22-23-24-26,02-05-32-36-38-42,19-21-22-23-24-26,0,合計値分析: 追加候補 02-05-32-36-38-42 を上位に残す / 除外候補 19-21-22-23-24-26 の重みを抑える / 奇数を2枠減らす条件 / 連番を3枠減らす条件 / 同じ下一桁を1枠増やす条件 / 合計値を20程度上げる条件,合計値分析では、02-05-32-36-38-42を候補に残す条件と、19-21-22-23-24-26の過採用抑制を次回検証する,2026/06/27 09:51:46
loto6,2113,2113-20260620-2,高低分析,01-05-08-18-27-28,02-05-32-36-38-42,05,01-08-18-27-28,02-32-36-38-42,01-08-18-27-28,1,高低分析: 追加候補 02-32-36-38-42 を上位に残す / 除外候補 01-08-18-27-28 の重みを抑える / 奇数を2枠減らす条件 / 低数字を2枠減らす条件 / 高数字を2枠増やす条件 / 連番を1枠減らす条件 / 合計値を68程度上げる条件,高低分析では、02-32-36-38-42を候補に残す条件と、01-08-18-27-28の過採用抑制を次回検証する,2026/06/27 09:51:46
loto6,2113,2113-20260620-2,連番分析,18-20-25-28-36-43,02-05-32-36-38-42,36,18-20-25-28-43,02-05-32-38-42,18-20-25-28-43,1,連番分析: 追加候補 02-05-32-38-42 を上位に残す / 除外候補 18-20-25-28-43 の重みを抑える / 奇数を1枠減らす条件 / 合計値を15程度下げる条件,連番分析では、02-05-32-38-42を候補に残す条件と、18-20-25-28-43の過採用抑制を次回検証する,2026/06/27 09:51:46
loto6,2113,2113-20260620-2,下一桁分析,06-08-18-26-28-38,02-05-32-36-38-42,38,06-08-18-26-28,02-05-32-36-42,06-08-18-26-28,1,下一桁分析: 追加候補 02-05-32-36-42 を上位に残す / 除外候補 06-08-18-26-28 の重みを抑える / 奇数を1枠増やす条件 / 低数字を1枠減らす条件 / 高数字を1枠増やす条件 / 同じ下一桁を1枠減らす条件 / 合計値を31程度上げる条件,下一桁分析では、02-05-32-36-42を候補に残す条件と、06-08-18-26-28の過採用抑制を次回検証する,2026/06/27 09:51:46
loto6,2113,2113-20260620-2,ペア分析,06-18-24-30-36-37,02-05-32-36-38-42,36,06-18-24-30-37,02-05-32-38-42,06-18-24-30-37,1,ペア分析: 追加候補 02-05-32-38-42 を上位に残す / 除外候補 06-18-24-30-37 の重みを抑える / 連番を1枠減らす条件,ペア分析では、02-05-32-38-42を候補に残す条件と、06-18-24-30-37の過採用抑制を次回検証する,2026/06/27 09:51:46
loto6,2113,2113-20260620-2,トリプル分析,06-18-24-36-37-42,02-05-32-36-38-42,36-42,06-18-24-37,02-05-32-38,06-18-24-37,2,トリプル分析: 追加候補 02-05-32-38 を上位に残す / 除外候補 06-18-24-37 の重みを抑える / 連番を1枠減らす条件,トリプル分析では、02-05-32-38を候補に残す条件と、06-18-24-37の過採用抑制を次回検証する,2026/06/27 09:51:46
loto6,2113,2113-20260620-2,ボーナス数字分析,04-06-26-27-28-34,02-05-32-36-38-42,,04-06-26-27-28-34,02-05-32-36-38-42,04-06-26-27-28-34,0,ボーナス数字分析: 追加候補 02-05-32-36-38-42 を上位に残す / 除外候補 04-06-26-27-28-34 の重みを抑える / 連番を2枠減らす条件 / 同じ下一桁を1枠減らす条件 / 合計値を30程度上げる条件,ボーナス数字分析では、02-05-32-36-38-42を候補に残す条件と、04-06-26-27-28-34の過採用抑制を次回検証する,2026/06/27 09:51:46
loto6,2113,2113-20260620-2,マルコフ連鎖,06-21-22-24-37-38,02-05-32-36-38-42,38,06-21-22-24-37,02-05-32-36-42,06-21-22-24-37,1,マルコフ連鎖: 追加候補 02-05-32-36-42 を上位に残す / 除外候補 06-21-22-24-37 の重みを抑える / 奇数を1枠減らす条件 / 連番を2枠減らす条件 / 同じ下一桁を1枠増やす条件,マルコフ連鎖では、02-05-32-36-42を候補に残す条件と、06-21-22-24-37の過採用抑制を次回検証する,2026/06/27 09:51:46
loto6,2113,2113-20260620-2,ベイズ推定,08-18-27-28-36-43,02-05-32-36-38-42,36,08-18-27-28-43,02-05-32-38-42,08-18-27-28-43,1,ベイズ推定: 追加候補 02-05-32-38-42 を上位に残す / 除外候補 08-18-27-28-43 の重みを抑える / 奇数を1枠減らす条件 / 連番を1枠減らす条件,ベイズ推定では、02-05-32-38-42を候補に残す条件と、08-18-27-28-43の過採用抑制を次回検証する,2026/06/27 09:51:46
loto6,2113,2113-20260620-2,モンテカルロシミュレーション,06-08-19-27-28-37,02-05-32-36-38-42,,06-08-19-27-28-37,02-05-32-36-38-42,06-08-19-27-28-37,0,モンテカルロシミュレーション: 追加候補 02-05-32-36-38-42 を上位に残す / 除外候補 06-08-19-27-28-37 の重みを抑える / 奇数を2枠減らす条件 / 低数字を1枠減らす条件 / 高数字を1枠増やす条件 / 連番を1枠減らす条件 / 同じ下一桁を1枠減らす条件 / 合計値を30程度上げる条件,モンテカルロシミュレーションでは、02-05-32-36-38-42を候補に残す条件と、06-08-19-27-28-37の過採用抑制を次回検証する,2026/06/27 09:51:46
loto6,2113,2113-20260620-2,機械学習モデル,06-08-18-28-36-37,02-05-32-36-38-42,36,06-08-18-28-37,02-05-32-38-42,06-08-18-28-37,1,機械学習モデル: 追加候補 02-05-32-38-42 を上位に残す / 除外候補 06-08-18-28-37 の重みを抑える / 低数字を1枠減らす条件 / 高数字を1枠増やす条件 / 連番を1枠減らす条件 / 同じ下一桁を1枠減らす条件 / 合計値を22程度上げる条件,機械学習モデルでは、02-05-32-38-42を候補に残す条件と、06-08-18-28-37の過採用抑制を次回検証する,2026/06/27 09:51:46
loto6,2113,2113-20260620-2,ランダム予測モデル,06-13-26-32-35-43,02-05-32-36-38-42,32,06-13-26-35-43,02-05-36-38-42,06-13-26-35-43,1,ランダム予測モデル: 追加候補 02-05-36-38-42 を上位に残す / 除外候補 06-13-26-35-43 の重みを抑える / 奇数を2枠減らす条件 / 同じ下一桁を1枠減らす条件,ランダム予測モデルでは、02-05-36-38-42を候補に残す条件と、06-13-26-35-43の過採用抑制を次回検証する,2026/06/27 09:51:46
loto6,2113,2113-20260620-3,出現頻度分析,02-06-21-37-38-42,02-05-32-36-38-42,02-38-42,06-21-37,05-32-36,06-21-37,3,出現頻度分析: 追加候補 05-32-36 を上位に残す / 除外候補 06-21-37 の重みを抑える / 奇数を1枠減らす条件 / 低数字を1枠減らす条件 / 高数字を1枠増やす条件 / 連番を1枠減らす条件,出現頻度分析では、05-32-36を候補に残す条件と、06-21-37の過採用抑制を次回検証する,2026/06/27 09:51:46
loto6,2113,2113-20260620-3,コールドナンバー分析,13-14-16-20-22-23,02-05-32-36-38-42,,13-14-16-20-22-23,02-05-32-36-38-42,13-14-16-20-22-23,0,コールドナンバー分析: 追加候補 02-05-32-36-38-42 を上位に残す / 除外候補 13-14-16-20-22-23 の重みを抑える / 奇数を1枠減らす条件 / 低数字を2枠減らす条件 / 高数字を2枠増やす条件 / 連番を2枠減らす条件 / 合計値を47程度上げる条件,コールドナンバー分析では、02-05-32-36-38-42を候補に残す条件と、13-14-16-20-22-23の過採用抑制を次回検証する,2026/06/27 09:51:46
loto6,2113,2113-20260620-3,ホットナンバー分析,08-18-27-28-36-43,02-05-32-36-38-42,36,08-18-27-28-43,02-05-32-38-42,08-18-27-28-43,1,ホットナンバー分析: 追加候補 02-05-32-38-42 を上位に残す / 除外候補 08-18-27-28-43 の重みを抑える / 奇数を1枠減らす条件 / 連番を1枠減らす条件,ホットナンバー分析では、02-05-32-38-42を候補に残す条件と、08-18-27-28-43の過採用抑制を次回検証する,2026/06/27 09:51:46
loto6,2113,2113-20260620-3,奇数偶数分析,02-06-24-26-38-42,02-05-32-36-38-42,02-38-42,06-24-26,05-32-36,06-24-26,3,奇数偶数分析: 追加候補 05-32-36 を上位に残す / 除外候補 06-24-26 の重みを抑える / 奇数を1枠増やす条件 / 同じ下一桁を1枠減らす条件 / 合計値を17程度上げる条件,奇数偶数分析では、05-32-36を候補に残す条件と、06-24-26の過採用抑制を次回検証する,2026/06/27 09:51:46
loto6,2113,2113-20260620-3,合計値分析,19-21-22-23-24-26,02-05-32-36-38-42,,19-21-22-23-24-26,02-05-32-36-38-42,19-21-22-23-24-26,0,合計値分析: 追加候補 02-05-32-36-38-42 を上位に残す / 除外候補 19-21-22-23-24-26 の重みを抑える / 奇数を2枠減らす条件 / 連番を3枠減らす条件 / 同じ下一桁を1枠増やす条件 / 合計値を20程度上げる条件,合計値分析では、02-05-32-36-38-42を候補に残す条件と、19-21-22-23-24-26の過採用抑制を次回検証する,2026/06/27 09:51:46
loto6,2113,2113-20260620-3,高低分析,01-05-08-18-27-28,02-05-32-36-38-42,05,01-08-18-27-28,02-32-36-38-42,01-08-18-27-28,1,高低分析: 追加候補 02-32-36-38-42 を上位に残す / 除外候補 01-08-18-27-28 の重みを抑える / 奇数を2枠減らす条件 / 低数字を2枠減らす条件 / 高数字を2枠増やす条件 / 連番を1枠減らす条件 / 合計値を68程度上げる条件,高低分析では、02-32-36-38-42を候補に残す条件と、01-08-18-27-28の過採用抑制を次回検証する,2026/06/27 09:51:46
loto6,2113,2113-20260620-3,連番分析,18-20-25-28-36-43,02-05-32-36-38-42,36,18-20-25-28-43,02-05-32-38-42,18-20-25-28-43,1,連番分析: 追加候補 02-05-32-38-42 を上位に残す / 除外候補 18-20-25-28-43 の重みを抑える / 奇数を1枠減らす条件 / 合計値を15程度下げる条件,連番分析では、02-05-32-38-42を候補に残す条件と、18-20-25-28-43の過採用抑制を次回検証する,2026/06/27 09:51:46
loto6,2113,2113-20260620-3,下一桁分析,06-08-18-26-28-38,02-05-32-36-38-42,38,06-08-18-26-28,02-05-32-36-42,06-08-18-26-28,1,下一桁分析: 追加候補 02-05-32-36-42 を上位に残す / 除外候補 06-08-18-26-28 の重みを抑える / 奇数を1枠増やす条件 / 低数字を1枠減らす条件 / 高数字を1枠増やす条件 / 同じ下一桁を1枠減らす条件 / 合計値を31程度上げる条件,下一桁分析では、02-05-32-36-42を候補に残す条件と、06-08-18-26-28の過採用抑制を次回検証する,2026/06/27 09:51:46
loto6,2113,2113-20260620-3,ペア分析,06-18-24-30-36-37,02-05-32-36-38-42,36,06-18-24-30-37,02-05-32-38-42,06-18-24-30-37,1,ペア分析: 追加候補 02-05-32-38-42 を上位に残す / 除外候補 06-18-24-30-37 の重みを抑える / 連番を1枠減らす条件,ペア分析では、02-05-32-38-42を候補に残す条件と、06-18-24-30-37の過採用抑制を次回検証する,2026/06/27 09:51:46
loto6,2113,2113-20260620-3,トリプル分析,06-18-24-36-37-42,02-05-32-36-38-42,36-42,06-18-24-37,02-05-32-38,06-18-24-37,2,トリプル分析: 追加候補 02-05-32-38 を上位に残す / 除外候補 06-18-24-37 の重みを抑える / 連番を1枠減らす条件,トリプル分析では、02-05-32-38を候補に残す条件と、06-18-24-37の過採用抑制を次回検証する,2026/06/27 09:51:46
loto6,2113,2113-20260620-3,ボーナス数字分析,04-06-26-27-28-34,02-05-32-36-38-42,,04-06-26-27-28-34,02-05-32-36-38-42,04-06-26-27-28-34,0,ボーナス数字分析: 追加候補 02-05-32-36-38-42 を上位に残す / 除外候補 04-06-26-27-28-34 の重みを抑える / 連番を2枠減らす条件 / 同じ下一桁を1枠減らす条件 / 合計値を30程度上げる条件,ボーナス数字分析では、02-05-32-36-38-42を候補に残す条件と、04-06-26-27-28-34の過採用抑制を次回検証する,2026/06/27 09:51:46
loto6,2113,2113-20260620-3,マルコフ連鎖,06-21-22-24-37-38,02-05-32-36-38-42,38,06-21-22-24-37,02-05-32-36-42,06-21-22-24-37,1,マルコフ連鎖: 追加候補 02-05-32-36-42 を上位に残す / 除外候補 06-21-22-24-37 の重みを抑える / 奇数を1枠減らす条件 / 連番を2枠減らす条件 / 同じ下一桁を1枠増やす条件,マルコフ連鎖では、02-05-32-36-42を候補に残す条件と、06-21-22-24-37の過採用抑制を次回検証する,2026/06/27 09:51:46
loto6,2113,2113-20260620-3,ベイズ推定,08-18-27-28-36-43,02-05-32-36-38-42,36,08-18-27-28-43,02-05-32-38-42,08-18-27-28-43,1,ベイズ推定: 追加候補 02-05-32-38-42 を上位に残す / 除外候補 08-18-27-28-43 の重みを抑える / 奇数を1枠減らす条件 / 連番を1枠減らす条件,ベイズ推定では、02-05-32-38-42を候補に残す条件と、08-18-27-28-43の過採用抑制を次回検証する,2026/06/27 09:51:46
loto6,2113,2113-20260620-3,モンテカルロシミュレーション,06-08-19-27-28-37,02-05-32-36-38-42,,06-08-19-27-28-37,02-05-32-36-38-42,06-08-19-27-28-37,0,モンテカルロシミュレーション: 追加候補 02-05-32-36-38-42 を上位に残す / 除外候補 06-08-19-27-28-37 の重みを抑える / 奇数を2枠減らす条件 / 低数字を1枠減らす条件 / 高数字を1枠増やす条件 / 連番を1枠減らす条件 / 同じ下一桁を1枠減らす条件 / 合計値を30程度上げる条件,モンテカルロシミュレーションでは、02-05-32-36-38-42を候補に残す条件と、06-08-19-27-28-37の過採用抑制を次回検証する,2026/06/27 09:51:46
loto6,2113,2113-20260620-3,機械学習モデル,06-08-18-28-36-37,02-05-32-36-38-42,36,06-08-18-28-37,02-05-32-38-42,06-08-18-28-37,1,機械学習モデル: 追加候補 02-05-32-38-42 を上位に残す / 除外候補 06-08-18-28-37 の重みを抑える / 低数字を1枠減らす条件 / 高数字を1枠増やす条件 / 連番を1枠減らす条件 / 同じ下一桁を1枠減らす条件 / 合計値を22程度上げる条件,機械学習モデルでは、02-05-32-38-42を候補に残す条件と、06-08-18-28-37の過採用抑制を次回検証する,2026/06/27 09:51:46
loto6,2113,2113-20260620-3,ランダム予測モデル,06-13-26-32-35-43,02-05-32-36-38-42,32,06-13-26-35-43,02-05-36-38-42,06-13-26-35-43,1,ランダム予測モデル: 追加候補 02-05-36-38-42 を上位に残す / 除外候補 06-13-26-35-43 の重みを抑える / 奇数を2枠減らす条件 / 同じ下一桁を1枠減らす条件,ランダム予測モデルでは、02-05-36-38-42を候補に残す条件と、06-13-26-35-43の過採用抑制を次回検証する,2026/06/27 09:51:46
loto6,2114,2114-20260629-bayesian_estimation-1,出現頻度分析,02-06-21-37-38-42,02-16-20-21-23-33,02-21,06-37-38-42,16-20-23-33,06-37-38-42,2,出現頻度分析: 追加候補 16-20-23-33 を上位に残す / 除外候補 06-37-38-42 の重みを抑える / 奇数を1枠増やす条件 / 低数字を1枠増やす条件 / 高数字を1枠減らす条件 / 合計値を31程度下げる条件,出現頻度分析では、16-20-23-33を候補に残す条件と、06-37-38-42の過採用抑制を次回検証する,2026/06/29 22:48:47
loto6,2114,2114-20260629-bayesian_estimation-1,コールドナンバー分析,13-14-16-20-22-23,02-16-20-21-23-33,16-20-23,13-14-22,02-21-33,13-14-22,3,コールドナンバー分析: 追加候補 02-21-33 を上位に残す / 除外候補 13-14-22 の重みを抑える / 奇数を1枠増やす条件 / 連番を1枠減らす条件,コールドナンバー分析では、02-21-33を候補に残す条件と、13-14-22の過採用抑制を次回検証する,2026/06/29 22:48:47
loto6,2114,2114-20260629-bayesian_estimation-1,ホットナンバー分析,05-08-18-28-36-43,02-16-20-21-23-33,,05-08-18-28-36-43,02-16-20-21-23-33,05-08-18-28-36-43,0,ホットナンバー分析: 追加候補 02-16-20-21-23-33 を上位に残す / 除外候補 05-08-18-28-36-43 の重みを抑える / 奇数を1枠増やす条件 / 低数字を1枠増やす条件 / 高数字を1枠減らす条件 / 連番を1枠増やす条件 / 合計値を23程度下げる条件,ホットナンバー分析では、02-16-20-21-23-33を候補に残す条件と、05-08-18-28-36-43の過採用抑制を次回検証する,2026/06/29 22:48:47
loto6,2114,2114-20260629-bayesian_estimation-1,奇数偶数分析,02-06-24-26-38-42,02-16-20-21-23-33,02,06-24-26-38-42,16-20-21-23-33,06-24-26-38-42,1,奇数偶数分析: 追加候補 16-20-21-23-33 を上位に残す / 除外候補 06-24-26-38-42 の重みを抑える / 奇数を3枠増やす条件 / 低数字を2枠増やす条件 / 高数字を2枠減らす条件 / 連番を1枠増やす条件 / 同じ下一桁を1枠減らす条件 / 合計値を23程度下げる条件,奇数偶数分析では、16-20-21-23-33を候補に残す条件と、06-24-26-38-42の過採用抑制を次回検証する,2026/06/29 22:48:47
loto6,2114,2114-20260629-bayesian_estimation-1,合計値分析,19-21-22-23-24-26,02-16-20-21-23-33,21-23,19-22-24-26,02-16-20-33,19-22-24-26,2,合計値分析: 追加候補 02-16-20-33 を上位に残す / 除外候補 19-22-24-26 の重みを抑える / 低数字を2枠増やす条件 / 高数字を2枠減らす条件 / 連番を2枠減らす条件 / 同じ下一桁を1枠増やす条件 / 合計値を20程度下げる条件,合計値分析では、02-16-20-33を候補に残す条件と、19-22-24-26の過採用抑制を次回検証する,2026/06/29 22:48:47
loto6,2114,2114-20260629-bayesian_estimation-1,高低分析,01-05-08-18-27-28,02-16-20-21-23-33,,01-05-08-18-27-28,02-16-20-21-23-33,01-05-08-18-27-28,0,高低分析: 追加候補 02-16-20-21-23-33 を上位に残す / 除外候補 01-05-08-18-27-28 の重みを抑える / 合計値を28程度上げる条件,高低分析では、02-16-20-21-23-33を候補に残す条件と、01-05-08-18-27-28の過採用抑制を次回検証する,2026/06/29 22:48:47
loto6,2114,2114-20260629-bayesian_estimation-1,連番分析,05-18-20-25-36-43,02-16-20-21-23-33,20,05-18-25-36-43,02-16-21-23-33,05-18-25-36-43,1,連番分析: 追加候補 02-16-21-23-33 を上位に残す / 除外候補 05-18-25-36-43 の重みを抑える / 低数字を1枠増やす条件 / 高数字を1枠減らす条件 / 連番を1枠増やす条件 / 合計値を32程度下げる条件,連番分析では、02-16-21-23-33を候補に残す条件と、05-18-25-36-43の過採用抑制を次回検証する,2026/06/29 22:48:47
loto6,2114,2114-20260629-bayesian_estimation-1,下一桁分析,06-08-18-26-28-38,02-16-20-21-23-33,,06-08-18-26-28-38,02-16-20-21-23-33,06-08-18-26-28-38,0,下一桁分析: 追加候補 02-16-20-21-23-33 を上位に残す / 除外候補 06-08-18-26-28-38 の重みを抑える / 奇数を3枠増やす条件 / 低数字を1枠増やす条件 / 高数字を1枠減らす条件 / 連番を1枠増やす条件 / 同じ下一桁を1枠減らす条件,下一桁分析では、02-16-20-21-23-33を候補に残す条件と、06-08-18-26-28-38の過採用抑制を次回検証する,2026/06/29 22:48:47
loto6,2114,2114-20260629-bayesian_estimation-1,ペア分析,06-18-24-36-37-43,02-16-20-21-23-33,,06-18-24-36-37-43,02-16-20-21-23-33,06-18-24-36-37-43,0,ペア分析: 追加候補 02-16-20-21-23-33 を上位に残す / 除外候補 06-18-24-36-37-43 の重みを抑える / 奇数を1枠増やす条件 / 低数字を2枠増やす条件 / 高数字を2枠減らす条件 / 合計値を49程度下げる条件,ペア分析では、02-16-20-21-23-33を候補に残す条件と、06-18-24-36-37-43の過採用抑制を次回検証する,2026/06/29 22:48:47
loto6,2114,2114-20260629-bayesian_estimation-1,トリプル分析,02-06-18-24-36-37,02-16-20-21-23-33,02,06-18-24-36-37,16-20-21-23-33,06-18-24-36-37,1,トリプル分析: 追加候補 16-20-21-23-33 を上位に残す / 除外候補 06-18-24-36-37 の重みを抑える / 奇数を2枠増やす条件 / 低数字を1枠増やす条件 / 高数字を1枠減らす条件,トリプル分析では、16-20-21-23-33を候補に残す条件と、06-18-24-36-37の過採用抑制を次回検証する,2026/06/29 22:48:47
loto6,2114,2114-20260629-bayesian_estimation-1,ボーナス数字分析,04-06-26-27-28-34,02-16-20-21-23-33,,04-06-26-27-28-34,02-16-20-21-23-33,04-06-26-27-28-34,0,ボーナス数字分析: 追加候補 02-16-20-21-23-33 を上位に残す / 除外候補 04-06-26-27-28-34 の重みを抑える / 奇数を2枠増やす条件 / 低数字を2枠増やす条件 / 高数字を2枠減らす条件 / 連番を1枠減らす条件 / 同じ下一桁を1枠減らす条件 / 合計値を10程度下げる条件,ボーナス数字分析では、02-16-20-21-23-33を候補に残す条件と、04-06-26-27-28-34の過採用抑制を次回検証する,2026/06/29 22:48:47
loto6,2114,2114-20260629-bayesian_estimation-1,マルコフ連鎖,02-14-16-21-24-38,02-16-20-21-23-33,02-16-21,14-24-38,20-23-33,14-24-38,3,マルコフ連鎖: 追加候補 20-23-33 を上位に残す / 除外候補 14-24-38 の重みを抑える / 奇数を2枠増やす条件 / 連番を1枠増やす条件,マルコフ連鎖では、20-23-33を候補に残す条件と、14-24-38の過採用抑制を次回検証する,2026/06/29 22:48:47
loto6,2114,2114-20260629-bayesian_estimation-1,ベイズ推定,05-08-18-28-36-43,02-16-20-21-23-33,,05-08-18-28-36-43,02-16-20-21-23-33,05-08-18-28-36-43,0,ベイズ推定: 追加候補 02-16-20-21-23-33 を上位に残す / 除外候補 05-08-18-28-36-43 の重みを抑える / 奇数を1枠増やす条件 / 低数字を1枠増やす条件 / 高数字を1枠減らす条件 / 連番を1枠増やす条件 / 合計値を23程度下げる条件,ベイズ推定では、02-16-20-21-23-33を候補に残す条件と、05-08-18-28-36-43の過採用抑制を次回検証する,2026/06/29 22:48:47
loto6,2114,2114-20260629-bayesian_estimation-1,モンテカルロシミュレーション,02-05-06-19-21-24,02-16-20-21-23-33,02-21,05-06-19-24,16-20-23-33,05-06-19-24,2,モンテカルロシミュレーション: 追加候補 16-20-23-33 を上位に残す / 除外候補 05-06-19-24 の重みを抑える / 低数字を1枠減らす条件 / 高数字を1枠増やす条件 / 同じ下一桁を1枠増やす条件 / 合計値を38程度上げる条件,モンテカルロシミュレーションでは、16-20-23-33を候補に残す条件と、05-06-19-24の過採用抑制を次回検証する,2026/06/29 22:48:47
loto6,2114,2114-20260629-bayesian_estimation-1,機械学習モデル,06-08-18-28-36-43,02-16-20-21-23-33,,06-08-18-28-36-43,02-16-20-21-23-33,06-08-18-28-36-43,0,機械学習モデル: 追加候補 02-16-20-21-23-33 を上位に残す / 除外候補 06-08-18-28-36-43 の重みを抑える / 奇数を2枠増やす条件 / 低数字を1枠増やす条件 / 高数字を1枠減らす条件 / 連番を1枠増やす条件 / 同じ下一桁を1枠減らす条件 / 合計値を24程度下げる条件,機械学習モデルでは、02-16-20-21-23-33を候補に残す条件と、06-08-18-28-36-43の過採用抑制を次回検証する,2026/06/29 22:48:47
loto6,2114,2114-20260629-bayesian_estimation-1,ランダム予測モデル,03-10-20-22-32-36,02-16-20-21-23-33,20,03-10-22-32-36,02-16-21-23-33,03-10-22-32-36,1,ランダム予測モデル: 追加候補 02-16-21-23-33 を上位に残す / 除外候補 03-10-22-32-36 の重みを抑える / 奇数を2枠増やす条件 / 低数字を1枠増やす条件 / 高数字を1枠減らす条件 / 連番を1枠増やす条件 / 同じ下一桁を1枠減らす条件,ランダム予測モデルでは、02-16-21-23-33を候補に残す条件と、03-10-22-32-36の過採用抑制を次回検証する,2026/06/29 22:48:47
loto6,2114,2114-20260629-bayesian_estimation-2,出現頻度分析,02-06-21-37-38-42,02-16-20-21-23-33,02-21,06-37-38-42,16-20-23-33,06-37-38-42,2,出現頻度分析: 追加候補 16-20-23-33 を上位に残す / 除外候補 06-37-38-42 の重みを抑える / 奇数を1枠増やす条件 / 低数字を1枠増やす条件 / 高数字を1枠減らす条件 / 合計値を31程度下げる条件,出現頻度分析では、16-20-23-33を候補に残す条件と、06-37-38-42の過採用抑制を次回検証する,2026/06/29 22:48:50
loto6,2114,2114-20260629-bayesian_estimation-2,コールドナンバー分析,13-14-16-20-22-23,02-16-20-21-23-33,16-20-23,13-14-22,02-21-33,13-14-22,3,コールドナンバー分析: 追加候補 02-21-33 を上位に残す / 除外候補 13-14-22 の重みを抑える / 奇数を1枠増やす条件 / 連番を1枠減らす条件,コールドナンバー分析では、02-21-33を候補に残す条件と、13-14-22の過採用抑制を次回検証する,2026/06/29 22:48:50
loto6,2114,2114-20260629-bayesian_estimation-2,ホットナンバー分析,05-08-18-28-36-43,02-16-20-21-23-33,,05-08-18-28-36-43,02-16-20-21-23-33,05-08-18-28-36-43,0,ホットナンバー分析: 追加候補 02-16-20-21-23-33 を上位に残す / 除外候補 05-08-18-28-36-43 の重みを抑える / 奇数を1枠増やす条件 / 低数字を1枠増やす条件 / 高数字を1枠減らす条件 / 連番を1枠増やす条件 / 合計値を23程度下げる条件,ホットナンバー分析では、02-16-20-21-23-33を候補に残す条件と、05-08-18-28-36-43の過採用抑制を次回検証する,2026/06/29 22:48:50
loto6,2114,2114-20260629-bayesian_estimation-2,奇数偶数分析,02-06-24-26-38-42,02-16-20-21-23-33,02,06-24-26-38-42,16-20-21-23-33,06-24-26-38-42,1,奇数偶数分析: 追加候補 16-20-21-23-33 を上位に残す / 除外候補 06-24-26-38-42 の重みを抑える / 奇数を3枠増やす条件 / 低数字を2枠増やす条件 / 高数字を2枠減らす条件 / 連番を1枠増やす条件 / 同じ下一桁を1枠減らす条件 / 合計値を23程度下げる条件,奇数偶数分析では、16-20-21-23-33を候補に残す条件と、06-24-26-38-42の過採用抑制を次回検証する,2026/06/29 22:48:50
loto6,2114,2114-20260629-bayesian_estimation-2,合計値分析,19-21-22-23-24-26,02-16-20-21-23-33,21-23,19-22-24-26,02-16-20-33,19-22-24-26,2,合計値分析: 追加候補 02-16-20-33 を上位に残す / 除外候補 19-22-24-26 の重みを抑える / 低数字を2枠増やす条件 / 高数字を2枠減らす条件 / 連番を2枠減らす条件 / 同じ下一桁を1枠増やす条件 / 合計値を20程度下げる条件,合計値分析では、02-16-20-33を候補に残す条件と、19-22-24-26の過採用抑制を次回検証する,2026/06/29 22:48:50
loto6,2114,2114-20260629-bayesian_estimation-2,高低分析,01-05-08-18-27-28,02-16-20-21-23-33,,01-05-08-18-27-28,02-16-20-21-23-33,01-05-08-18-27-28,0,高低分析: 追加候補 02-16-20-21-23-33 を上位に残す / 除外候補 01-05-08-18-27-28 の重みを抑える / 合計値を28程度上げる条件,高低分析では、02-16-20-21-23-33を候補に残す条件と、01-05-08-18-27-28の過採用抑制を次回検証する,2026/06/29 22:48:50
loto6,2114,2114-20260629-bayesian_estimation-2,連番分析,05-18-20-25-36-43,02-16-20-21-23-33,20,05-18-25-36-43,02-16-21-23-33,05-18-25-36-43,1,連番分析: 追加候補 02-16-21-23-33 を上位に残す / 除外候補 05-18-25-36-43 の重みを抑える / 低数字を1枠増やす条件 / 高数字を1枠減らす条件 / 連番を1枠増やす条件 / 合計値を32程度下げる条件,連番分析では、02-16-21-23-33を候補に残す条件と、05-18-25-36-43の過採用抑制を次回検証する,2026/06/29 22:48:50
loto6,2114,2114-20260629-bayesian_estimation-2,下一桁分析,06-08-18-26-28-38,02-16-20-21-23-33,,06-08-18-26-28-38,02-16-20-21-23-33,06-08-18-26-28-38,0,下一桁分析: 追加候補 02-16-20-21-23-33 を上位に残す / 除外候補 06-08-18-26-28-38 の重みを抑える / 奇数を3枠増やす条件 / 低数字を1枠増やす条件 / 高数字を1枠減らす条件 / 連番を1枠増やす条件 / 同じ下一桁を1枠減らす条件,下一桁分析では、02-16-20-21-23-33を候補に残す条件と、06-08-18-26-28-38の過採用抑制を次回検証する,2026/06/29 22:48:50
loto6,2114,2114-20260629-bayesian_estimation-2,ペア分析,06-18-24-36-37-43,02-16-20-21-23-33,,06-18-24-36-37-43,02-16-20-21-23-33,06-18-24-36-37-43,0,ペア分析: 追加候補 02-16-20-21-23-33 を上位に残す / 除外候補 06-18-24-36-37-43 の重みを抑える / 奇数を1枠増やす条件 / 低数字を2枠増やす条件 / 高数字を2枠減らす条件 / 合計値を49程度下げる条件,ペア分析では、02-16-20-21-23-33を候補に残す条件と、06-18-24-36-37-43の過採用抑制を次回検証する,2026/06/29 22:48:50
loto6,2114,2114-20260629-bayesian_estimation-2,トリプル分析,02-06-18-24-36-37,02-16-20-21-23-33,02,06-18-24-36-37,16-20-21-23-33,06-18-24-36-37,1,トリプル分析: 追加候補 16-20-21-23-33 を上位に残す / 除外候補 06-18-24-36-37 の重みを抑える / 奇数を2枠増やす条件 / 低数字を1枠増やす条件 / 高数字を1枠減らす条件,トリプル分析では、16-20-21-23-33を候補に残す条件と、06-18-24-36-37の過採用抑制を次回検証する,2026/06/29 22:48:50
loto6,2114,2114-20260629-bayesian_estimation-2,ボーナス数字分析,04-06-26-27-28-34,02-16-20-21-23-33,,04-06-26-27-28-34,02-16-20-21-23-33,04-06-26-27-28-34,0,ボーナス数字分析: 追加候補 02-16-20-21-23-33 を上位に残す / 除外候補 04-06-26-27-28-34 の重みを抑える / 奇数を2枠増やす条件 / 低数字を2枠増やす条件 / 高数字を2枠減らす条件 / 連番を1枠減らす条件 / 同じ下一桁を1枠減らす条件 / 合計値を10程度下げる条件,ボーナス数字分析では、02-16-20-21-23-33を候補に残す条件と、04-06-26-27-28-34の過採用抑制を次回検証する,2026/06/29 22:48:50
loto6,2114,2114-20260629-bayesian_estimation-2,マルコフ連鎖,02-14-16-21-24-38,02-16-20-21-23-33,02-16-21,14-24-38,20-23-33,14-24-38,3,マルコフ連鎖: 追加候補 20-23-33 を上位に残す / 除外候補 14-24-38 の重みを抑える / 奇数を2枠増やす条件 / 連番を1枠増やす条件,マルコフ連鎖では、20-23-33を候補に残す条件と、14-24-38の過採用抑制を次回検証する,2026/06/29 22:48:50
loto6,2114,2114-20260629-bayesian_estimation-2,ベイズ推定,05-08-18-28-36-43,02-16-20-21-23-33,,05-08-18-28-36-43,02-16-20-21-23-33,05-08-18-28-36-43,0,ベイズ推定: 追加候補 02-16-20-21-23-33 を上位に残す / 除外候補 05-08-18-28-36-43 の重みを抑える / 奇数を1枠増やす条件 / 低数字を1枠増やす条件 / 高数字を1枠減らす条件 / 連番を1枠増やす条件 / 合計値を23程度下げる条件,ベイズ推定では、02-16-20-21-23-33を候補に残す条件と、05-08-18-28-36-43の過採用抑制を次回検証する,2026/06/29 22:48:50
loto6,2114,2114-20260629-bayesian_estimation-2,モンテカルロシミュレーション,02-05-06-19-21-24,02-16-20-21-23-33,02-21,05-06-19-24,16-20-23-33,05-06-19-24,2,モンテカルロシミュレーション: 追加候補 16-20-23-33 を上位に残す / 除外候補 05-06-19-24 の重みを抑える / 低数字を1枠減らす条件 / 高数字を1枠増やす条件 / 同じ下一桁を1枠増やす条件 / 合計値を38程度上げる条件,モンテカルロシミュレーションでは、16-20-23-33を候補に残す条件と、05-06-19-24の過採用抑制を次回検証する,2026/06/29 22:48:50
loto6,2114,2114-20260629-bayesian_estimation-2,機械学習モデル,06-08-18-28-36-43,02-16-20-21-23-33,,06-08-18-28-36-43,02-16-20-21-23-33,06-08-18-28-36-43,0,機械学習モデル: 追加候補 02-16-20-21-23-33 を上位に残す / 除外候補 06-08-18-28-36-43 の重みを抑える / 奇数を2枠増やす条件 / 低数字を1枠増やす条件 / 高数字を1枠減らす条件 / 連番を1枠増やす条件 / 同じ下一桁を1枠減らす条件 / 合計値を24程度下げる条件,機械学習モデルでは、02-16-20-21-23-33を候補に残す条件と、06-08-18-28-36-43の過採用抑制を次回検証する,2026/06/29 22:48:50
loto6,2114,2114-20260629-bayesian_estimation-2,ランダム予測モデル,03-10-20-22-32-36,02-16-20-21-23-33,20,03-10-22-32-36,02-16-21-23-33,03-10-22-32-36,1,ランダム予測モデル: 追加候補 02-16-21-23-33 を上位に残す / 除外候補 03-10-22-32-36 の重みを抑える / 奇数を2枠増やす条件 / 低数字を1枠増やす条件 / 高数字を1枠減らす条件 / 連番を1枠増やす条件 / 同じ下一桁を1枠減らす条件,ランダム予測モデルでは、02-16-21-23-33を候補に残す条件と、03-10-22-32-36の過採用抑制を次回検証する,2026/06/29 22:48:50
loto6,2114,2114-20260629-bayesian_estimation-3,出現頻度分析,02-06-21-37-38-42,02-16-20-21-23-33,02-21,06-37-38-42,16-20-23-33,06-37-38-42,2,出現頻度分析: 追加候補 16-20-23-33 を上位に残す / 除外候補 06-37-38-42 の重みを抑える / 奇数を1枠増やす条件 / 低数字を1枠増やす条件 / 高数字を1枠減らす条件 / 合計値を31程度下げる条件,出現頻度分析では、16-20-23-33を候補に残す条件と、06-37-38-42の過採用抑制を次回検証する,2026/06/29 22:48:54
loto6,2114,2114-20260629-bayesian_estimation-3,コールドナンバー分析,13-14-16-20-22-23,02-16-20-21-23-33,16-20-23,13-14-22,02-21-33,13-14-22,3,コールドナンバー分析: 追加候補 02-21-33 を上位に残す / 除外候補 13-14-22 の重みを抑える / 奇数を1枠増やす条件 / 連番を1枠減らす条件,コールドナンバー分析では、02-21-33を候補に残す条件と、13-14-22の過採用抑制を次回検証する,2026/06/29 22:48:54
loto6,2114,2114-20260629-bayesian_estimation-3,ホットナンバー分析,05-08-18-28-36-43,02-16-20-21-23-33,,05-08-18-28-36-43,02-16-20-21-23-33,05-08-18-28-36-43,0,ホットナンバー分析: 追加候補 02-16-20-21-23-33 を上位に残す / 除外候補 05-08-18-28-36-43 の重みを抑える / 奇数を1枠増やす条件 / 低数字を1枠増やす条件 / 高数字を1枠減らす条件 / 連番を1枠増やす条件 / 合計値を23程度下げる条件,ホットナンバー分析では、02-16-20-21-23-33を候補に残す条件と、05-08-18-28-36-43の過採用抑制を次回検証する,2026/06/29 22:48:54
loto6,2114,2114-20260629-bayesian_estimation-3,奇数偶数分析,02-06-24-26-38-42,02-16-20-21-23-33,02,06-24-26-38-42,16-20-21-23-33,06-24-26-38-42,1,奇数偶数分析: 追加候補 16-20-21-23-33 を上位に残す / 除外候補 06-24-26-38-42 の重みを抑える / 奇数を3枠増やす条件 / 低数字を2枠増やす条件 / 高数字を2枠減らす条件 / 連番を1枠増やす条件 / 同じ下一桁を1枠減らす条件 / 合計値を23程度下げる条件,奇数偶数分析では、16-20-21-23-33を候補に残す条件と、06-24-26-38-42の過採用抑制を次回検証する,2026/06/29 22:48:54
loto6,2114,2114-20260629-bayesian_estimation-3,合計値分析,19-21-22-23-24-26,02-16-20-21-23-33,21-23,19-22-24-26,02-16-20-33,19-22-24-26,2,合計値分析: 追加候補 02-16-20-33 を上位に残す / 除外候補 19-22-24-26 の重みを抑える / 低数字を2枠増やす条件 / 高数字を2枠減らす条件 / 連番を2枠減らす条件 / 同じ下一桁を1枠増やす条件 / 合計値を20程度下げる条件,合計値分析では、02-16-20-33を候補に残す条件と、19-22-24-26の過採用抑制を次回検証する,2026/06/29 22:48:54
loto6,2114,2114-20260629-bayesian_estimation-3,高低分析,01-05-08-18-27-28,02-16-20-21-23-33,,01-05-08-18-27-28,02-16-20-21-23-33,01-05-08-18-27-28,0,高低分析: 追加候補 02-16-20-21-23-33 を上位に残す / 除外候補 01-05-08-18-27-28 の重みを抑える / 合計値を28程度上げる条件,高低分析では、02-16-20-21-23-33を候補に残す条件と、01-05-08-18-27-28の過採用抑制を次回検証する,2026/06/29 22:48:54
loto6,2114,2114-20260629-bayesian_estimation-3,連番分析,05-18-20-25-36-43,02-16-20-21-23-33,20,05-18-25-36-43,02-16-21-23-33,05-18-25-36-43,1,連番分析: 追加候補 02-16-21-23-33 を上位に残す / 除外候補 05-18-25-36-43 の重みを抑える / 低数字を1枠増やす条件 / 高数字を1枠減らす条件 / 連番を1枠増やす条件 / 合計値を32程度下げる条件,連番分析では、02-16-21-23-33を候補に残す条件と、05-18-25-36-43の過採用抑制を次回検証する,2026/06/29 22:48:54
loto6,2114,2114-20260629-bayesian_estimation-3,下一桁分析,06-08-18-26-28-38,02-16-20-21-23-33,,06-08-18-26-28-38,02-16-20-21-23-33,06-08-18-26-28-38,0,下一桁分析: 追加候補 02-16-20-21-23-33 を上位に残す / 除外候補 06-08-18-26-28-38 の重みを抑える / 奇数を3枠増やす条件 / 低数字を1枠増やす条件 / 高数字を1枠減らす条件 / 連番を1枠増やす条件 / 同じ下一桁を1枠減らす条件,下一桁分析では、02-16-20-21-23-33を候補に残す条件と、06-08-18-26-28-38の過採用抑制を次回検証する,2026/06/29 22:48:54
loto6,2114,2114-20260629-bayesian_estimation-3,ペア分析,06-18-24-36-37-43,02-16-20-21-23-33,,06-18-24-36-37-43,02-16-20-21-23-33,06-18-24-36-37-43,0,ペア分析: 追加候補 02-16-20-21-23-33 を上位に残す / 除外候補 06-18-24-36-37-43 の重みを抑える / 奇数を1枠増やす条件 / 低数字を2枠増やす条件 / 高数字を2枠減らす条件 / 合計値を49程度下げる条件,ペア分析では、02-16-20-21-23-33を候補に残す条件と、06-18-24-36-37-43の過採用抑制を次回検証する,2026/06/29 22:48:54
loto6,2114,2114-20260629-bayesian_estimation-3,トリプル分析,02-06-18-24-36-37,02-16-20-21-23-33,02,06-18-24-36-37,16-20-21-23-33,06-18-24-36-37,1,トリプル分析: 追加候補 16-20-21-23-33 を上位に残す / 除外候補 06-18-24-36-37 の重みを抑える / 奇数を2枠増やす条件 / 低数字を1枠増やす条件 / 高数字を1枠減らす条件,トリプル分析では、16-20-21-23-33を候補に残す条件と、06-18-24-36-37の過採用抑制を次回検証する,2026/06/29 22:48:54
loto6,2114,2114-20260629-bayesian_estimation-3,ボーナス数字分析,04-06-26-27-28-34,02-16-20-21-23-33,,04-06-26-27-28-34,02-16-20-21-23-33,04-06-26-27-28-34,0,ボーナス数字分析: 追加候補 02-16-20-21-23-33 を上位に残す / 除外候補 04-06-26-27-28-34 の重みを抑える / 奇数を2枠増やす条件 / 低数字を2枠増やす条件 / 高数字を2枠減らす条件 / 連番を1枠減らす条件 / 同じ下一桁を1枠減らす条件 / 合計値を10程度下げる条件,ボーナス数字分析では、02-16-20-21-23-33を候補に残す条件と、04-06-26-27-28-34の過採用抑制を次回検証する,2026/06/29 22:48:54
loto6,2114,2114-20260629-bayesian_estimation-3,マルコフ連鎖,02-14-16-21-24-38,02-16-20-21-23-33,02-16-21,14-24-38,20-23-33,14-24-38,3,マルコフ連鎖: 追加候補 20-23-33 を上位に残す / 除外候補 14-24-38 の重みを抑える / 奇数を2枠増やす条件 / 連番を1枠増やす条件,マルコフ連鎖では、20-23-33を候補に残す条件と、14-24-38の過採用抑制を次回検証する,2026/06/29 22:48:54
loto6,2114,2114-20260629-bayesian_estimation-3,ベイズ推定,05-08-18-28-36-43,02-16-20-21-23-33,,05-08-18-28-36-43,02-16-20-21-23-33,05-08-18-28-36-43,0,ベイズ推定: 追加候補 02-16-20-21-23-33 を上位に残す / 除外候補 05-08-18-28-36-43 の重みを抑える / 奇数を1枠増やす条件 / 低数字を1枠増やす条件 / 高数字を1枠減らす条件 / 連番を1枠増やす条件 / 合計値を23程度下げる条件,ベイズ推定では、02-16-20-21-23-33を候補に残す条件と、05-08-18-28-36-43の過採用抑制を次回検証する,2026/06/29 22:48:54
loto6,2114,2114-20260629-bayesian_estimation-3,モンテカルロシミュレーション,02-05-06-19-21-24,02-16-20-21-23-33,02-21,05-06-19-24,16-20-23-33,05-06-19-24,2,モンテカルロシミュレーション: 追加候補 16-20-23-33 を上位に残す / 除外候補 05-06-19-24 の重みを抑える / 低数字を1枠減らす条件 / 高数字を1枠増やす条件 / 同じ下一桁を1枠増やす条件 / 合計値を38程度上げる条件,モンテカルロシミュレーションでは、16-20-23-33を候補に残す条件と、05-06-19-24の過採用抑制を次回検証する,2026/06/29 22:48:54
loto6,2114,2114-20260629-bayesian_estimation-3,機械学習モデル,06-08-18-28-36-43,02-16-20-21-23-33,,06-08-18-28-36-43,02-16-20-21-23-33,06-08-18-28-36-43,0,機械学習モデル: 追加候補 02-16-20-21-23-33 を上位に残す / 除外候補 06-08-18-28-36-43 の重みを抑える / 奇数を2枠増やす条件 / 低数字を1枠増やす条件 / 高数字を1枠減らす条件 / 連番を1枠増やす条件 / 同じ下一桁を1枠減らす条件 / 合計値を24程度下げる条件,機械学習モデルでは、02-16-20-21-23-33を候補に残す条件と、06-08-18-28-36-43の過採用抑制を次回検証する,2026/06/29 22:48:54
loto6,2114,2114-20260629-bayesian_estimation-3,ランダム予測モデル,03-10-20-22-32-36,02-16-20-21-23-33,20,03-10-22-32-36,02-16-21-23-33,03-10-22-32-36,1,ランダム予測モデル: 追加候補 02-16-21-23-33 を上位に残す / 除外候補 03-10-22-32-36 の重みを抑える / 奇数を2枠増やす条件 / 低数字を1枠増やす条件 / 高数字を1枠減らす条件 / 連番を1枠増やす条件 / 同じ下一桁を1枠減らす条件,ランダム予測モデルでは、02-16-21-23-33を候補に残す条件と、03-10-22-32-36の過採用抑制を次回検証する,2026/06/29 22:48:54
loto6,2115,2115-20260629-bayesian_estimation-1,出現頻度分析,02-06-21-37-38-42,01-03-11-34-35-42,42,02-06-21-37-38,01-03-11-34-35,02-06-21-37-38,1,出現頻度分析: 追加候補 01-03-11-34-35 を上位に残す / 除外候補 02-06-21-37-38 の重みを抑える / 奇数を2枠増やす条件 / 合計値を20程度下げる条件,出現頻度分析では、01-03-11-34-35を候補に残す条件と、02-06-21-37-38の過採用抑制を次回検証する,2026/06/29 22:48:57
loto6,2115,2115-20260629-bayesian_estimation-1,コールドナンバー分析,13-14-22-24-26-29,01-03-11-34-35-42,,13-14-22-24-26-29,01-03-11-34-35-42,13-14-22-24-26-29,0,コールドナンバー分析: 追加候補 01-03-11-34-35-42 を上位に残す / 除外候補 13-14-22-24-26-29 の重みを抑える / 奇数を2枠増やす条件 / 低数字を1枠増やす条件 / 高数字を1枠減らす条件,コールドナンバー分析では、01-03-11-34-35-42を候補に残す条件と、13-14-22-24-26-29の過採用抑制を次回検証する,2026/06/29 22:48:57
loto6,2115,2115-20260629-bayesian_estimation-1,ホットナンバー分析,05-08-18-21-36-43,01-03-11-34-35-42,,05-08-18-21-36-43,01-03-11-34-35-42,05-08-18-21-36-43,0,ホットナンバー分析: 追加候補 01-03-11-34-35-42 を上位に残す / 除外候補 05-08-18-21-36-43 の重みを抑える / 奇数を1枠増やす条件 / 低数字を1枠減らす条件 / 高数字を1枠増やす条件 / 連番を1枠増やす条件,ホットナンバー分析では、01-03-11-34-35-42を候補に残す条件と、05-08-18-21-36-43の過採用抑制を次回検証する,2026/06/29 22:48:57
loto6,2115,2115-20260629-bayesian_estimation-1,奇数偶数分析,02-06-24-26-38-42,01-03-11-34-35-42,42,02-06-24-26-38,01-03-11-34-35,02-06-24-26-38,1,奇数偶数分析: 追加候補 01-03-11-34-35 を上位に残す / 除外候補 02-06-24-26-38 の重みを抑える / 奇数を4枠増やす条件 / 低数字を1枠増やす条件 / 高数字を1枠減らす条件 / 連番を1枠増やす条件 / 同じ下一桁を1枠減らす条件 / 合計値を12程度下げる条件,奇数偶数分析では、01-03-11-34-35を候補に残す条件と、02-06-24-26-38の過採用抑制を次回検証する,2026/06/29 22:48:57
loto6,2115,2115-20260629-bayesian_estimation-1,合計値分析,19-21-22-23-24-26,01-03-11-34-35-42,,19-21-22-23-24-26,01-03-11-34-35-42,19-21-22-23-24-26,0,合計値分析: 追加候補 01-03-11-34-35-42 を上位に残す / 除外候補 19-21-22-23-24-26 の重みを抑える / 奇数を1枠増やす条件 / 低数字を1枠増やす条件 / 高数字を1枠減らす条件 / 連番を2枠減らす条件 / 同じ下一桁を1枠増やす条件,合計値分析では、01-03-11-34-35-42を候補に残す条件と、19-21-22-23-24-26の過採用抑制を次回検証する,2026/06/29 22:48:57
loto6,2115,2115-20260629-bayesian_estimation-1,高低分析,32-36-38-40-42-43,01-03-11-34-35-42,42,32-36-38-40-43,01-03-11-34-35,32-36-38-40-43,1,高低分析: 追加候補 01-03-11-34-35 を上位に残す / 除外候補 32-36-38-40-43 の重みを抑える / 奇数を3枠増やす条件 / 低数字を3枠増やす条件 / 高数字を3枠減らす条件 / 合計値を105程度下げる条件,高低分析では、01-03-11-34-35を候補に残す条件と、32-36-38-40-43の過採用抑制を次回検証する,2026/06/29 22:48:57
loto6,2115,2115-20260629-bayesian_estimation-1,連番分析,05-18-20-25-36-43,01-03-11-34-35-42,,05-18-20-25-36-43,01-03-11-34-35-42,05-18-20-25-36-43,0,連番分析: 追加候補 01-03-11-34-35-42 を上位に残す / 除外候補 05-18-20-25-36-43 の重みを抑える / 奇数を1枠増やす条件 / 連番を1枠増やす条件 / 合計値を21程度下げる条件,連番分析では、01-03-11-34-35-42を候補に残す条件と、05-18-20-25-36-43の過採用抑制を次回検証する,2026/06/29 22:48:57
loto6,2115,2115-20260629-bayesian_estimation-1,下一桁分析,06-08-18-26-28-38,01-03-11-34-35-42,,06-08-18-26-28-38,01-03-11-34-35-42,06-08-18-26-28-38,0,下一桁分析: 追加候補 01-03-11-34-35-42 を上位に残す / 除外候補 06-08-18-26-28-38 の重みを抑える / 奇数を4枠増やす条件 / 連番を1枠増やす条件 / 同じ下一桁を1枠減らす条件,下一桁分析では、01-03-11-34-35-42を候補に残す条件と、06-08-18-26-28-38の過採用抑制を次回検証する,2026/06/29 22:48:57
loto6,2115,2115-20260629-bayesian_estimation-1,ペア分析,06-18-24-36-37-43,01-03-11-34-35-42,,06-18-24-36-37-43,01-03-11-34-35-42,06-18-24-36-37-43,0,ペア分析: 追加候補 01-03-11-34-35-42 を上位に残す / 除外候補 06-18-24-36-37-43 の重みを抑える / 奇数を2枠増やす条件 / 低数字を1枠増やす条件 / 高数字を1枠減らす条件 / 合計値を38程度下げる条件,ペア分析では、01-03-11-34-35-42を候補に残す条件と、06-18-24-36-37-43の過採用抑制を次回検証する,2026/06/29 22:48:57
loto6,2115,2115-20260629-bayesian_estimation-1,トリプル分析,06-18-21-24-36-37,01-03-11-34-35-42,,06-18-21-24-36-37,01-03-11-34-35-42,06-18-21-24-36-37,0,トリプル分析: 追加候補 01-03-11-34-35-42 を上位に残す / 除外候補 06-18-21-24-36-37 の重みを抑える / 奇数を2枠増やす条件 / 合計値を16程度下げる条件,トリプル分析では、01-03-11-34-35-42を候補に残す条件と、06-18-21-24-36-37の過採用抑制を次回検証する,2026/06/29 22:48:57
loto6,2115,2115-20260629-bayesian_estimation-1,ボーナス数字分析,04-06-26-27-28-34,01-03-11-34-35-42,34,04-06-26-27-28,01-03-11-35-42,04-06-26-27-28,1,ボーナス数字分析: 追加候補 01-03-11-35-42 を上位に残す / 除外候補 04-06-26-27-28 の重みを抑える / 奇数を3枠増やす条件 / 低数字を1枠増やす条件 / 高数字を1枠減らす条件 / 連番を1枠減らす条件 / 同じ下一桁を1枠減らす条件,ボーナス数字分析では、01-03-11-35-42を候補に残す条件と、04-06-26-27-28の過採用抑制を次回検証する,2026/06/29 22:48:57
loto6,2115,2115-20260629-bayesian_estimation-1,マルコフ連鎖,10-19-21-22-31-42,01-03-11-34-35-42,42,10-19-21-22-31,01-03-11-34-35,10-19-21-22-31,1,マルコフ連鎖: 追加候補 01-03-11-34-35 を上位に残す / 除外候補 10-19-21-22-31 の重みを抑える / 奇数を1枠増やす条件 / 同じ下一桁を1枠減らす条件 / 合計値を19程度下げる条件,マルコフ連鎖では、01-03-11-34-35を候補に残す条件と、10-19-21-22-31の過採用抑制を次回検証する,2026/06/29 22:48:57
loto6,2115,2115-20260629-bayesian_estimation-1,ベイズ推定,05-08-18-21-36-43,01-03-11-34-35-42,,05-08-18-21-36-43,01-03-11-34-35-42,05-08-18-21-36-43,0,ベイズ推定: 追加候補 01-03-11-34-35-42 を上位に残す / 除外候補 05-08-18-21-36-43 の重みを抑える / 奇数を1枠増やす条件 / 低数字を1枠減らす条件 / 高数字を1枠増やす条件 / 連番を1枠増やす条件,ベイズ推定では、01-03-11-34-35-42を候補に残す条件と、05-08-18-21-36-43の過採用抑制を次回検証する,2026/06/29 22:48:57
loto6,2115,2115-20260629-bayesian_estimation-1,モンテカルロシミュレーション,05-06-18-21-27-37,01-03-11-34-35-42,,05-06-18-21-27-37,01-03-11-34-35-42,05-06-18-21-27-37,0,モンテカルロシミュレーション: 追加候補 01-03-11-34-35-42 を上位に残す / 除外候補 05-06-18-21-27-37 の重みを抑える / 低数字を1枠減らす条件 / 高数字を1枠増やす条件 / 合計値を12程度上げる条件,モンテカルロシミュレーションでは、01-03-11-34-35-42を候補に残す条件と、05-06-18-21-27-37の過採用抑制を次回検証する,2026/06/29 22:48:57
loto6,2115,2115-20260629-bayesian_estimation-1,機械学習モデル,06-08-18-28-36-43,01-03-11-34-35-42,,06-08-18-28-36-43,01-03-11-34-35-42,06-08-18-28-36-43,0,機械学習モデル: 追加候補 01-03-11-34-35-42 を上位に残す / 除外候補 06-08-18-28-36-43 の重みを抑える / 奇数を3枠増やす条件 / 連番を1枠増やす条件 / 同じ下一桁を1枠減らす条件 / 合計値を13程度下げる条件,機械学習モデルでは、01-03-11-34-35-42を候補に残す条件と、06-08-18-28-36-43の過採用抑制を次回検証する,2026/06/29 22:48:57
loto6,2115,2115-20260629-bayesian_estimation-1,ランダム予測モデル,04-08-17-19-31-33,01-03-11-34-35-42,,04-08-17-19-31-33,01-03-11-34-35-42,04-08-17-19-31-33,0,ランダム予測モデル: 追加候補 01-03-11-34-35-42 を上位に残す / 除外候補 04-08-17-19-31-33 の重みを抑える / 低数字を1枠減らす条件 / 高数字を1枠増やす条件 / 連番を1枠増やす条件 / 同じ下一桁を1枠増やす条件 / 合計値を14程度上げる条件,ランダム予測モデルでは、01-03-11-34-35-42を候補に残す条件と、04-08-17-19-31-33の過採用抑制を次回検証する,2026/06/29 22:48:57
loto6,2115,2115-20260629-bayesian_estimation-2,出現頻度分析,02-06-21-37-38-42,01-03-11-34-35-42,42,02-06-21-37-38,01-03-11-34-35,02-06-21-37-38,1,出現頻度分析: 追加候補 01-03-11-34-35 を上位に残す / 除外候補 02-06-21-37-38 の重みを抑える / 奇数を2枠増やす条件 / 合計値を20程度下げる条件,出現頻度分析では、01-03-11-34-35を候補に残す条件と、02-06-21-37-38の過採用抑制を次回検証する,2026/06/29 22:49:01
loto6,2115,2115-20260629-bayesian_estimation-2,コールドナンバー分析,13-14-22-24-26-29,01-03-11-34-35-42,,13-14-22-24-26-29,01-03-11-34-35-42,13-14-22-24-26-29,0,コールドナンバー分析: 追加候補 01-03-11-34-35-42 を上位に残す / 除外候補 13-14-22-24-26-29 の重みを抑える / 奇数を2枠増やす条件 / 低数字を1枠増やす条件 / 高数字を1枠減らす条件,コールドナンバー分析では、01-03-11-34-35-42を候補に残す条件と、13-14-22-24-26-29の過採用抑制を次回検証する,2026/06/29 22:49:01
loto6,2115,2115-20260629-bayesian_estimation-2,ホットナンバー分析,05-08-18-21-36-43,01-03-11-34-35-42,,05-08-18-21-36-43,01-03-11-34-35-42,05-08-18-21-36-43,0,ホットナンバー分析: 追加候補 01-03-11-34-35-42 を上位に残す / 除外候補 05-08-18-21-36-43 の重みを抑える / 奇数を1枠増やす条件 / 低数字を1枠減らす条件 / 高数字を1枠増やす条件 / 連番を1枠増やす条件,ホットナンバー分析では、01-03-11-34-35-42を候補に残す条件と、05-08-18-21-36-43の過採用抑制を次回検証する,2026/06/29 22:49:01
loto6,2115,2115-20260629-bayesian_estimation-2,奇数偶数分析,02-06-24-26-38-42,01-03-11-34-35-42,42,02-06-24-26-38,01-03-11-34-35,02-06-24-26-38,1,奇数偶数分析: 追加候補 01-03-11-34-35 を上位に残す / 除外候補 02-06-24-26-38 の重みを抑える / 奇数を4枠増やす条件 / 低数字を1枠増やす条件 / 高数字を1枠減らす条件 / 連番を1枠増やす条件 / 同じ下一桁を1枠減らす条件 / 合計値を12程度下げる条件,奇数偶数分析では、01-03-11-34-35を候補に残す条件と、02-06-24-26-38の過採用抑制を次回検証する,2026/06/29 22:49:01
loto6,2115,2115-20260629-bayesian_estimation-2,合計値分析,19-21-22-23-24-26,01-03-11-34-35-42,,19-21-22-23-24-26,01-03-11-34-35-42,19-21-22-23-24-26,0,合計値分析: 追加候補 01-03-11-34-35-42 を上位に残す / 除外候補 19-21-22-23-24-26 の重みを抑える / 奇数を1枠増やす条件 / 低数字を1枠増やす条件 / 高数字を1枠減らす条件 / 連番を2枠減らす条件 / 同じ下一桁を1枠増やす条件,合計値分析では、01-03-11-34-35-42を候補に残す条件と、19-21-22-23-24-26の過採用抑制を次回検証する,2026/06/29 22:49:01
loto6,2115,2115-20260629-bayesian_estimation-2,高低分析,32-36-38-40-42-43,01-03-11-34-35-42,42,32-36-38-40-43,01-03-11-34-35,32-36-38-40-43,1,高低分析: 追加候補 01-03-11-34-35 を上位に残す / 除外候補 32-36-38-40-43 の重みを抑える / 奇数を3枠増やす条件 / 低数字を3枠増やす条件 / 高数字を3枠減らす条件 / 合計値を105程度下げる条件,高低分析では、01-03-11-34-35を候補に残す条件と、32-36-38-40-43の過採用抑制を次回検証する,2026/06/29 22:49:01
loto6,2115,2115-20260629-bayesian_estimation-2,連番分析,05-18-20-25-36-43,01-03-11-34-35-42,,05-18-20-25-36-43,01-03-11-34-35-42,05-18-20-25-36-43,0,連番分析: 追加候補 01-03-11-34-35-42 を上位に残す / 除外候補 05-18-20-25-36-43 の重みを抑える / 奇数を1枠増やす条件 / 連番を1枠増やす条件 / 合計値を21程度下げる条件,連番分析では、01-03-11-34-35-42を候補に残す条件と、05-18-20-25-36-43の過採用抑制を次回検証する,2026/06/29 22:49:01
loto6,2115,2115-20260629-bayesian_estimation-2,下一桁分析,06-08-18-26-28-38,01-03-11-34-35-42,,06-08-18-26-28-38,01-03-11-34-35-42,06-08-18-26-28-38,0,下一桁分析: 追加候補 01-03-11-34-35-42 を上位に残す / 除外候補 06-08-18-26-28-38 の重みを抑える / 奇数を4枠増やす条件 / 連番を1枠増やす条件 / 同じ下一桁を1枠減らす条件,下一桁分析では、01-03-11-34-35-42を候補に残す条件と、06-08-18-26-28-38の過採用抑制を次回検証する,2026/06/29 22:49:01
loto6,2115,2115-20260629-bayesian_estimation-2,ペア分析,06-18-24-36-37-43,01-03-11-34-35-42,,06-18-24-36-37-43,01-03-11-34-35-42,06-18-24-36-37-43,0,ペア分析: 追加候補 01-03-11-34-35-42 を上位に残す / 除外候補 06-18-24-36-37-43 の重みを抑える / 奇数を2枠増やす条件 / 低数字を1枠増やす条件 / 高数字を1枠減らす条件 / 合計値を38程度下げる条件,ペア分析では、01-03-11-34-35-42を候補に残す条件と、06-18-24-36-37-43の過採用抑制を次回検証する,2026/06/29 22:49:01
loto6,2115,2115-20260629-bayesian_estimation-2,トリプル分析,06-18-21-24-36-37,01-03-11-34-35-42,,06-18-21-24-36-37,01-03-11-34-35-42,06-18-21-24-36-37,0,トリプル分析: 追加候補 01-03-11-34-35-42 を上位に残す / 除外候補 06-18-21-24-36-37 の重みを抑える / 奇数を2枠増やす条件 / 合計値を16程度下げる条件,トリプル分析では、01-03-11-34-35-42を候補に残す条件と、06-18-21-24-36-37の過採用抑制を次回検証する,2026/06/29 22:49:01
loto6,2115,2115-20260629-bayesian_estimation-2,ボーナス数字分析,04-06-26-27-28-34,01-03-11-34-35-42,34,04-06-26-27-28,01-03-11-35-42,04-06-26-27-28,1,ボーナス数字分析: 追加候補 01-03-11-35-42 を上位に残す / 除外候補 04-06-26-27-28 の重みを抑える / 奇数を3枠増やす条件 / 低数字を1枠増やす条件 / 高数字を1枠減らす条件 / 連番を1枠減らす条件 / 同じ下一桁を1枠減らす条件,ボーナス数字分析では、01-03-11-35-42を候補に残す条件と、04-06-26-27-28の過採用抑制を次回検証する,2026/06/29 22:49:01
loto6,2115,2115-20260629-bayesian_estimation-2,マルコフ連鎖,10-19-21-22-31-42,01-03-11-34-35-42,42,10-19-21-22-31,01-03-11-34-35,10-19-21-22-31,1,マルコフ連鎖: 追加候補 01-03-11-34-35 を上位に残す / 除外候補 10-19-21-22-31 の重みを抑える / 奇数を1枠増やす条件 / 同じ下一桁を1枠減らす条件 / 合計値を19程度下げる条件,マルコフ連鎖では、01-03-11-34-35を候補に残す条件と、10-19-21-22-31の過採用抑制を次回検証する,2026/06/29 22:49:01
loto6,2115,2115-20260629-bayesian_estimation-2,ベイズ推定,05-08-18-21-36-43,01-03-11-34-35-42,,05-08-18-21-36-43,01-03-11-34-35-42,05-08-18-21-36-43,0,ベイズ推定: 追加候補 01-03-11-34-35-42 を上位に残す / 除外候補 05-08-18-21-36-43 の重みを抑える / 奇数を1枠増やす条件 / 低数字を1枠減らす条件 / 高数字を1枠増やす条件 / 連番を1枠増やす条件,ベイズ推定では、01-03-11-34-35-42を候補に残す条件と、05-08-18-21-36-43の過採用抑制を次回検証する,2026/06/29 22:49:01
loto6,2115,2115-20260629-bayesian_estimation-2,モンテカルロシミュレーション,05-06-18-21-27-37,01-03-11-34-35-42,,05-06-18-21-27-37,01-03-11-34-35-42,05-06-18-21-27-37,0,モンテカルロシミュレーション: 追加候補 01-03-11-34-35-42 を上位に残す / 除外候補 05-06-18-21-27-37 の重みを抑える / 低数字を1枠減らす条件 / 高数字を1枠増やす条件 / 合計値を12程度上げる条件,モンテカルロシミュレーションでは、01-03-11-34-35-42を候補に残す条件と、05-06-18-21-27-37の過採用抑制を次回検証する,2026/06/29 22:49:01
loto6,2115,2115-20260629-bayesian_estimation-2,機械学習モデル,06-08-18-28-36-43,01-03-11-34-35-42,,06-08-18-28-36-43,01-03-11-34-35-42,06-08-18-28-36-43,0,機械学習モデル: 追加候補 01-03-11-34-35-42 を上位に残す / 除外候補 06-08-18-28-36-43 の重みを抑える / 奇数を3枠増やす条件 / 連番を1枠増やす条件 / 同じ下一桁を1枠減らす条件 / 合計値を13程度下げる条件,機械学習モデルでは、01-03-11-34-35-42を候補に残す条件と、06-08-18-28-36-43の過採用抑制を次回検証する,2026/06/29 22:49:01
loto6,2115,2115-20260629-bayesian_estimation-2,ランダム予測モデル,04-08-17-19-31-33,01-03-11-34-35-42,,04-08-17-19-31-33,01-03-11-34-35-42,04-08-17-19-31-33,0,ランダム予測モデル: 追加候補 01-03-11-34-35-42 を上位に残す / 除外候補 04-08-17-19-31-33 の重みを抑える / 低数字を1枠減らす条件 / 高数字を1枠増やす条件 / 連番を1枠増やす条件 / 同じ下一桁を1枠増やす条件 / 合計値を14程度上げる条件,ランダム予測モデルでは、01-03-11-34-35-42を候補に残す条件と、04-08-17-19-31-33の過採用抑制を次回検証する,2026/06/29 22:49:01
loto6,2115,2115-20260629-bayesian_estimation-3,出現頻度分析,02-06-21-37-38-42,01-03-11-34-35-42,42,02-06-21-37-38,01-03-11-34-35,02-06-21-37-38,1,出現頻度分析: 追加候補 01-03-11-34-35 を上位に残す / 除外候補 02-06-21-37-38 の重みを抑える / 奇数を2枠増やす条件 / 合計値を20程度下げる条件,出現頻度分析では、01-03-11-34-35を候補に残す条件と、02-06-21-37-38の過採用抑制を次回検証する,2026/06/29 22:49:05
loto6,2115,2115-20260629-bayesian_estimation-3,コールドナンバー分析,13-14-22-24-26-29,01-03-11-34-35-42,,13-14-22-24-26-29,01-03-11-34-35-42,13-14-22-24-26-29,0,コールドナンバー分析: 追加候補 01-03-11-34-35-42 を上位に残す / 除外候補 13-14-22-24-26-29 の重みを抑える / 奇数を2枠増やす条件 / 低数字を1枠増やす条件 / 高数字を1枠減らす条件,コールドナンバー分析では、01-03-11-34-35-42を候補に残す条件と、13-14-22-24-26-29の過採用抑制を次回検証する,2026/06/29 22:49:05
loto6,2115,2115-20260629-bayesian_estimation-3,ホットナンバー分析,05-08-18-21-36-43,01-03-11-34-35-42,,05-08-18-21-36-43,01-03-11-34-35-42,05-08-18-21-36-43,0,ホットナンバー分析: 追加候補 01-03-11-34-35-42 を上位に残す / 除外候補 05-08-18-21-36-43 の重みを抑える / 奇数を1枠増やす条件 / 低数字を1枠減らす条件 / 高数字を1枠増やす条件 / 連番を1枠増やす条件,ホットナンバー分析では、01-03-11-34-35-42を候補に残す条件と、05-08-18-21-36-43の過採用抑制を次回検証する,2026/06/29 22:49:05
loto6,2115,2115-20260629-bayesian_estimation-3,奇数偶数分析,02-06-24-26-38-42,01-03-11-34-35-42,42,02-06-24-26-38,01-03-11-34-35,02-06-24-26-38,1,奇数偶数分析: 追加候補 01-03-11-34-35 を上位に残す / 除外候補 02-06-24-26-38 の重みを抑える / 奇数を4枠増やす条件 / 低数字を1枠増やす条件 / 高数字を1枠減らす条件 / 連番を1枠増やす条件 / 同じ下一桁を1枠減らす条件 / 合計値を12程度下げる条件,奇数偶数分析では、01-03-11-34-35を候補に残す条件と、02-06-24-26-38の過採用抑制を次回検証する,2026/06/29 22:49:05
loto6,2115,2115-20260629-bayesian_estimation-3,合計値分析,19-21-22-23-24-26,01-03-11-34-35-42,,19-21-22-23-24-26,01-03-11-34-35-42,19-21-22-23-24-26,0,合計値分析: 追加候補 01-03-11-34-35-42 を上位に残す / 除外候補 19-21-22-23-24-26 の重みを抑える / 奇数を1枠増やす条件 / 低数字を1枠増やす条件 / 高数字を1枠減らす条件 / 連番を2枠減らす条件 / 同じ下一桁を1枠増やす条件,合計値分析では、01-03-11-34-35-42を候補に残す条件と、19-21-22-23-24-26の過採用抑制を次回検証する,2026/06/29 22:49:05
loto6,2115,2115-20260629-bayesian_estimation-3,高低分析,32-36-38-40-42-43,01-03-11-34-35-42,42,32-36-38-40-43,01-03-11-34-35,32-36-38-40-43,1,高低分析: 追加候補 01-03-11-34-35 を上位に残す / 除外候補 32-36-38-40-43 の重みを抑える / 奇数を3枠増やす条件 / 低数字を3枠増やす条件 / 高数字を3枠減らす条件 / 合計値を105程度下げる条件,高低分析では、01-03-11-34-35を候補に残す条件と、32-36-38-40-43の過採用抑制を次回検証する,2026/06/29 22:49:05
loto6,2115,2115-20260629-bayesian_estimation-3,連番分析,05-18-20-25-36-43,01-03-11-34-35-42,,05-18-20-25-36-43,01-03-11-34-35-42,05-18-20-25-36-43,0,連番分析: 追加候補 01-03-11-34-35-42 を上位に残す / 除外候補 05-18-20-25-36-43 の重みを抑える / 奇数を1枠増やす条件 / 連番を1枠増やす条件 / 合計値を21程度下げる条件,連番分析では、01-03-11-34-35-42を候補に残す条件と、05-18-20-25-36-43の過採用抑制を次回検証する,2026/06/29 22:49:05
loto6,2115,2115-20260629-bayesian_estimation-3,下一桁分析,06-08-18-26-28-38,01-03-11-34-35-42,,06-08-18-26-28-38,01-03-11-34-35-42,06-08-18-26-28-38,0,下一桁分析: 追加候補 01-03-11-34-35-42 を上位に残す / 除外候補 06-08-18-26-28-38 の重みを抑える / 奇数を4枠増やす条件 / 連番を1枠増やす条件 / 同じ下一桁を1枠減らす条件,下一桁分析では、01-03-11-34-35-42を候補に残す条件と、06-08-18-26-28-38の過採用抑制を次回検証する,2026/06/29 22:49:05
loto6,2115,2115-20260629-bayesian_estimation-3,ペア分析,06-18-24-36-37-43,01-03-11-34-35-42,,06-18-24-36-37-43,01-03-11-34-35-42,06-18-24-36-37-43,0,ペア分析: 追加候補 01-03-11-34-35-42 を上位に残す / 除外候補 06-18-24-36-37-43 の重みを抑える / 奇数を2枠増やす条件 / 低数字を1枠増やす条件 / 高数字を1枠減らす条件 / 合計値を38程度下げる条件,ペア分析では、01-03-11-34-35-42を候補に残す条件と、06-18-24-36-37-43の過採用抑制を次回検証する,2026/06/29 22:49:05
loto6,2115,2115-20260629-bayesian_estimation-3,トリプル分析,06-18-21-24-36-37,01-03-11-34-35-42,,06-18-21-24-36-37,01-03-11-34-35-42,06-18-21-24-36-37,0,トリプル分析: 追加候補 01-03-11-34-35-42 を上位に残す / 除外候補 06-18-21-24-36-37 の重みを抑える / 奇数を2枠増やす条件 / 合計値を16程度下げる条件,トリプル分析では、01-03-11-34-35-42を候補に残す条件と、06-18-21-24-36-37の過採用抑制を次回検証する,2026/06/29 22:49:05
loto6,2115,2115-20260629-bayesian_estimation-3,ボーナス数字分析,04-06-26-27-28-34,01-03-11-34-35-42,34,04-06-26-27-28,01-03-11-35-42,04-06-26-27-28,1,ボーナス数字分析: 追加候補 01-03-11-35-42 を上位に残す / 除外候補 04-06-26-27-28 の重みを抑える / 奇数を3枠増やす条件 / 低数字を1枠増やす条件 / 高数字を1枠減らす条件 / 連番を1枠減らす条件 / 同じ下一桁を1枠減らす条件,ボーナス数字分析では、01-03-11-35-42を候補に残す条件と、04-06-26-27-28の過採用抑制を次回検証する,2026/06/29 22:49:05
loto6,2115,2115-20260629-bayesian_estimation-3,マルコフ連鎖,10-19-21-22-31-42,01-03-11-34-35-42,42,10-19-21-22-31,01-03-11-34-35,10-19-21-22-31,1,マルコフ連鎖: 追加候補 01-03-11-34-35 を上位に残す / 除外候補 10-19-21-22-31 の重みを抑える / 奇数を1枠増やす条件 / 同じ下一桁を1枠減らす条件 / 合計値を19程度下げる条件,マルコフ連鎖では、01-03-11-34-35を候補に残す条件と、10-19-21-22-31の過採用抑制を次回検証する,2026/06/29 22:49:05
loto6,2115,2115-20260629-bayesian_estimation-3,ベイズ推定,05-08-18-21-36-43,01-03-11-34-35-42,,05-08-18-21-36-43,01-03-11-34-35-42,05-08-18-21-36-43,0,ベイズ推定: 追加候補 01-03-11-34-35-42 を上位に残す / 除外候補 05-08-18-21-36-43 の重みを抑える / 奇数を1枠増やす条件 / 低数字を1枠減らす条件 / 高数字を1枠増やす条件 / 連番を1枠増やす条件,ベイズ推定では、01-03-11-34-35-42を候補に残す条件と、05-08-18-21-36-43の過採用抑制を次回検証する,2026/06/29 22:49:05
loto6,2115,2115-20260629-bayesian_estimation-3,モンテカルロシミュレーション,05-06-18-21-27-37,01-03-11-34-35-42,,05-06-18-21-27-37,01-03-11-34-35-42,05-06-18-21-27-37,0,モンテカルロシミュレーション: 追加候補 01-03-11-34-35-42 を上位に残す / 除外候補 05-06-18-21-27-37 の重みを抑える / 低数字を1枠減らす条件 / 高数字を1枠増やす条件 / 合計値を12程度上げる条件,モンテカルロシミュレーションでは、01-03-11-34-35-42を候補に残す条件と、05-06-18-21-27-37の過採用抑制を次回検証する,2026/06/29 22:49:05
loto6,2115,2115-20260629-bayesian_estimation-3,機械学習モデル,06-08-18-28-36-43,01-03-11-34-35-42,,06-08-18-28-36-43,01-03-11-34-35-42,06-08-18-28-36-43,0,機械学習モデル: 追加候補 01-03-11-34-35-42 を上位に残す / 除外候補 06-08-18-28-36-43 の重みを抑える / 奇数を3枠増やす条件 / 連番を1枠増やす条件 / 同じ下一桁を1枠減らす条件 / 合計値を13程度下げる条件,機械学習モデルでは、01-03-11-34-35-42を候補に残す条件と、06-08-18-28-36-43の過採用抑制を次回検証する,2026/06/29 22:49:05
loto6,2115,2115-20260629-bayesian_estimation-3,ランダム予測モデル,04-08-17-19-31-33,01-03-11-34-35-42,,04-08-17-19-31-33,01-03-11-34-35-42,04-08-17-19-31-33,0,ランダム予測モデル: 追加候補 01-03-11-34-35-42 を上位に残す / 除外候補 04-08-17-19-31-33 の重みを抑える / 低数字を1枠減らす条件 / 高数字を1枠増やす条件 / 連番を1枠増やす条件 / 同じ下一桁を1枠増やす条件 / 合計値を14程度上げる条件,ランダム予測モデルでは、01-03-11-34-35-42を候補に残す条件と、04-08-17-19-31-33の過採用抑制を次回検証する,2026/06/29 22:49:05
loto6,2116,2116-20260629-markov_chain-1,出現頻度分析,02-06-21-37-38-42,02-06-13-14-20-42,02-06-42,21-37-38,13-14-20,21-37-38,3,出現頻度分析: 追加候補 13-14-20 を上位に残す / 除外候補 21-37-38 の重みを抑える / 奇数を1枠減らす条件 / 低数字を2枠増やす条件 / 高数字を2枠減らす条件 / 合計値を49程度下げる条件,出現頻度分析では、13-14-20を候補に残す条件と、21-37-38の過採用抑制を次回検証する,2026/07/02 20:58:39
loto6,2116,2116-20260629-markov_chain-1,コールドナンバー分析,13-14-22-24-26-29,02-06-13-14-20-42,13-14,22-24-26-29,02-06-20-42,22-24-26-29,2,コールドナンバー分析: 追加候補 02-06-20-42 を上位に残す / 除外候補 22-24-26-29 の重みを抑える / 奇数を1枠減らす条件 / 低数字を3枠増やす条件 / 高数字を3枠減らす条件 / 合計値を31程度下げる条件,コールドナンバー分析では、02-06-20-42を候補に残す条件と、22-24-26-29の過採用抑制を次回検証する,2026/07/02 20:58:39
loto6,2116,2116-20260629-markov_chain-1,ホットナンバー分析,01-05-08-18-36-43,02-06-13-14-20-42,,01-05-08-18-36-43,02-06-13-14-20-42,01-05-08-18-36-43,0,ホットナンバー分析: 追加候補 02-06-13-14-20-42 を上位に残す / 除外候補 01-05-08-18-36-43 の重みを抑える / 奇数を2枠減らす条件 / 低数字を1枠増やす条件 / 高数字を1枠減らす条件 / 連番を1枠増やす条件 / 合計値を14程度下げる条件,ホットナンバー分析では、02-06-13-14-20-42を候補に残す条件と、01-05-08-18-36-43の過採用抑制を次回検証する,2026/07/02 20:58:39
loto6,2116,2116-20260629-markov_chain-1,奇数偶数分析,15-19-21-27-35-37,02-06-13-14-20-42,,15-19-21-27-35-37,02-06-13-14-20-42,15-19-21-27-35-37,0,奇数偶数分析: 追加候補 02-06-13-14-20-42 を上位に残す / 除外候補 15-19-21-27-35-37 の重みを抑える / 奇数を5枠減らす条件 / 低数字を2枠増やす条件 / 高数字を2枠減らす条件 / 連番を1枠増やす条件 / 同じ下一桁を1枠減らす条件 / 合計値を57程度下げる条件,奇数偶数分析では、02-06-13-14-20-42を候補に残す条件と、15-19-21-27-35-37の過採用抑制を次回検証する,2026/07/02 20:58:39
loto6,2116,2116-20260629-markov_chain-1,合計値分析,19-21-22-23-24-26,02-06-13-14-20-42,,19-21-22-23-24-26,02-06-13-14-20-42,19-21-22-23-24-26,0,合計値分析: 追加候補 02-06-13-14-20-42 を上位に残す / 除外候補 19-21-22-23-24-26 の重みを抑える / 奇数を2枠減らす条件 / 低数字を3枠増やす条件 / 高数字を3枠減らす条件 / 連番を2枠減らす条件 / 同じ下一桁を1枠増やす条件 / 合計値を38程度下げる条件,合計値分析では、02-06-13-14-20-42を候補に残す条件と、19-21-22-23-24-26の過採用抑制を次回検証する,2026/07/02 20:58:39
loto6,2116,2116-20260629-markov_chain-1,高低分析,34-36-38-40-42-43,02-06-13-14-20-42,42,34-36-38-40-43,02-06-13-14-20,34-36-38-40-43,1,高低分析: 追加候補 02-06-13-14-20 を上位に残す / 除外候補 34-36-38-40-43 の重みを抑える / 低数字を5枠増やす条件 / 高数字を5枠減らす条件 / 同じ下一桁を1枠増やす条件 / 合計値を136程度下げる条件,高低分析では、02-06-13-14-20を候補に残す条件と、34-36-38-40-43の過採用抑制を次回検証する,2026/07/02 20:58:39
loto6,2116,2116-20260629-markov_chain-1,連番分析,01-05-20-25-36-43,02-06-13-14-20-42,20,01-05-25-36-43,02-06-13-14-42,01-05-25-36-43,1,連番分析: 追加候補 02-06-13-14-42 を上位に残す / 除外候補 01-05-25-36-43 の重みを抑える / 奇数を3枠減らす条件 / 低数字を2枠増やす条件 / 高数字を2枠減らす条件 / 連番を1枠増やす条件 / 合計値を33程度下げる条件,連番分析では、02-06-13-14-42を候補に残す条件と、01-05-25-36-43の過採用抑制を次回検証する,2026/07/02 20:58:39
loto6,2116,2116-20260629-markov_chain-1,下一桁分析,06-08-18-26-28-38,02-06-13-14-20-42,06,08-18-26-28-38,02-13-14-20-42,08-18-26-28-38,1,下一桁分析: 追加候補 02-13-14-20-42 を上位に残す / 除外候補 08-18-26-28-38 の重みを抑える / 奇数を1枠増やす条件 / 低数字を2枠増やす条件 / 高数字を2枠減らす条件 / 連番を1枠増やす条件 / 同じ下一桁を1枠減らす条件 / 合計値を27程度下げる条件,下一桁分析では、02-13-14-20-42を候補に残す条件と、08-18-26-28-38の過採用抑制を次回検証する,2026/07/02 20:58:39
loto6,2116,2116-20260629-markov_chain-1,ペア分析,06-18-24-30-36-43,02-06-13-14-20-42,06,18-24-30-36-43,02-13-14-20-42,18-24-30-36-43,1,ペア分析: 追加候補 02-13-14-20-42 を上位に残す / 除外候補 18-24-30-36-43 の重みを抑える / 低数字を3枠増やす条件 / 高数字を3枠減らす条件 / 連番を1枠増やす条件 / 合計値を60程度下げる条件,ペア分析では、02-13-14-20-42を候補に残す条件と、18-24-30-36-43の過採用抑制を次回検証する,2026/07/02 20:58:39
loto6,2116,2116-20260629-markov_chain-1,トリプル分析,06-18-24-36-37-43,02-06-13-14-20-42,06,18-24-36-37-43,02-13-14-20-42,18-24-36-37-43,1,トリプル分析: 追加候補 02-13-14-20-42 を上位に残す / 除外候補 18-24-36-37-43 の重みを抑える / 奇数を1枠減らす条件 / 低数字を3枠増やす条件 / 高数字を3枠減らす条件 / 合計値を67程度下げる条件,トリプル分析では、02-13-14-20-42を候補に残す条件と、18-24-36-37-43の過採用抑制を次回検証する,2026/07/02 20:58:39
loto6,2116,2116-20260629-markov_chain-1,ボーナス数字分析,04-06-26-27-28-34,02-06-13-14-20-42,06,04-26-27-28-34,02-13-14-20-42,04-26-27-28-34,1,ボーナス数字分析: 追加候補 02-13-14-20-42 を上位に残す / 除外候補 04-26-27-28-34 の重みを抑える / 低数字を3枠増やす条件 / 高数字を3枠減らす条件 / 連番を1枠減らす条件 / 同じ下一桁を1枠減らす条件 / 合計値を28程度下げる条件,ボーナス数字分析では、02-13-14-20-42を候補に残す条件と、04-26-27-28-34の過採用抑制を次回検証する,2026/07/02 20:58:39
loto6,2116,2116-20260629-markov_chain-1,マルコフ連鎖,06-19-21-24-28-38,02-06-13-14-20-42,06,19-21-24-28-38,02-13-14-20-42,19-21-24-28-38,1,マルコフ連鎖: 追加候補 02-13-14-20-42 を上位に残す / 除外候補 19-21-24-28-38 の重みを抑える / 奇数を1枠減らす条件 / 低数字を2枠増やす条件 / 高数字を2枠減らす条件 / 連番を1枠増やす条件 / 合計値を39程度下げる条件,マルコフ連鎖では、02-13-14-20-42を候補に残す条件と、19-21-24-28-38の過採用抑制を次回検証する,2026/07/02 20:58:39
loto6,2116,2116-20260629-markov_chain-1,ベイズ推定,01-05-08-18-36-43,02-06-13-14-20-42,,01-05-08-18-36-43,02-06-13-14-20-42,01-05-08-18-36-43,0,ベイズ推定: 追加候補 02-06-13-14-20-42 を上位に残す / 除外候補 01-05-08-18-36-43 の重みを抑える / 奇数を2枠減らす条件 / 低数字を1枠増やす条件 / 高数字を1枠減らす条件 / 連番を1枠増やす条件 / 合計値を14程度下げる条件,ベイズ推定では、02-06-13-14-20-42を候補に残す条件と、01-05-08-18-36-43の過採用抑制を次回検証する,2026/07/02 20:58:39
loto6,2116,2116-20260629-markov_chain-1,モンテカルロシミュレーション,02-06-18-21-36-42,02-06-13-14-20-42,02-06-42,18-21-36,13-14-20,18-21-36,3,モンテカルロシミュレーション: 追加候補 13-14-20 を上位に残す / 除外候補 18-21-36 の重みを抑える / 低数字を1枠増やす条件 / 高数字を1枠減らす条件 / 連番を1枠増やす条件 / 同じ下一桁を1枠減らす条件 / 合計値を28程度下げる条件,モンテカルロシミュレーションでは、13-14-20を候補に残す条件と、18-21-36の過採用抑制を次回検証する,2026/07/02 20:58:39
loto6,2116,2116-20260629-markov_chain-1,機械学習モデル,06-08-18-28-36-43,02-06-13-14-20-42,06,08-18-28-36-43,02-13-14-20-42,08-18-28-36-43,1,機械学習モデル: 追加候補 02-13-14-20-42 を上位に残す / 除外候補 08-18-28-36-43 の重みを抑える / 低数字を2枠増やす条件 / 高数字を2枠減らす条件 / 連番を1枠増やす条件 / 同じ下一桁を1枠減らす条件 / 合計値を42程度下げる条件,機械学習モデルでは、02-13-14-20-42を候補に残す条件と、08-18-28-36-43の過採用抑制を次回検証する,2026/07/02 20:58:39
loto6,2116,2116-20260629-markov_chain-1,ランダム予測モデル,14-18-20-28-32-37,02-06-13-14-20-42,14-20,18-28-32-37,02-06-13-42,18-28-32-37,2,ランダム予測モデル: 追加候補 02-06-13-42 を上位に残す / 除外候補 18-28-32-37 の重みを抑える / 低数字を2枠増やす条件 / 高数字を2枠減らす条件 / 連番を1枠増やす条件 / 合計値を52程度下げる条件,ランダム予測モデルでは、02-06-13-42を候補に残す条件と、18-28-32-37の過採用抑制を次回検証する,2026/07/02 20:58:39
loto6,2116,2116-20260629-next_score_prediction-1,出現頻度分析,02-06-21-37-38-42,02-06-13-14-20-42,02-06-42,21-37-38,13-14-20,21-37-38,3,出現頻度分析: 追加候補 13-14-20 を上位に残す / 除外候補 21-37-38 の重みを抑える / 奇数を1枠減らす条件 / 低数字を2枠増やす条件 / 高数字を2枠減らす条件 / 合計値を49程度下げる条件,出現頻度分析では、13-14-20を候補に残す条件と、21-37-38の過採用抑制を次回検証する,2026/07/02 20:58:43
loto6,2116,2116-20260629-next_score_prediction-1,コールドナンバー分析,13-14-22-24-26-29,02-06-13-14-20-42,13-14,22-24-26-29,02-06-20-42,22-24-26-29,2,コールドナンバー分析: 追加候補 02-06-20-42 を上位に残す / 除外候補 22-24-26-29 の重みを抑える / 奇数を1枠減らす条件 / 低数字を3枠増やす条件 / 高数字を3枠減らす条件 / 合計値を31程度下げる条件,コールドナンバー分析では、02-06-20-42を候補に残す条件と、22-24-26-29の過採用抑制を次回検証する,2026/07/02 20:58:43
loto6,2116,2116-20260629-next_score_prediction-1,ホットナンバー分析,01-05-08-18-36-43,02-06-13-14-20-42,,01-05-08-18-36-43,02-06-13-14-20-42,01-05-08-18-36-43,0,ホットナンバー分析: 追加候補 02-06-13-14-20-42 を上位に残す / 除外候補 01-05-08-18-36-43 の重みを抑える / 奇数を2枠減らす条件 / 低数字を1枠増やす条件 / 高数字を1枠減らす条件 / 連番を1枠増やす条件 / 合計値を14程度下げる条件,ホットナンバー分析では、02-06-13-14-20-42を候補に残す条件と、01-05-08-18-36-43の過採用抑制を次回検証する,2026/07/02 20:58:43
loto6,2116,2116-20260629-next_score_prediction-1,奇数偶数分析,15-19-21-27-35-37,02-06-13-14-20-42,,15-19-21-27-35-37,02-06-13-14-20-42,15-19-21-27-35-37,0,奇数偶数分析: 追加候補 02-06-13-14-20-42 を上位に残す / 除外候補 15-19-21-27-35-37 の重みを抑える / 奇数を5枠減らす条件 / 低数字を2枠増やす条件 / 高数字を2枠減らす条件 / 連番を1枠増やす条件 / 同じ下一桁を1枠減らす条件 / 合計値を57程度下げる条件,奇数偶数分析では、02-06-13-14-20-42を候補に残す条件と、15-19-21-27-35-37の過採用抑制を次回検証する,2026/07/02 20:58:43
loto6,2116,2116-20260629-next_score_prediction-1,合計値分析,19-21-22-23-24-26,02-06-13-14-20-42,,19-21-22-23-24-26,02-06-13-14-20-42,19-21-22-23-24-26,0,合計値分析: 追加候補 02-06-13-14-20-42 を上位に残す / 除外候補 19-21-22-23-24-26 の重みを抑える / 奇数を2枠減らす条件 / 低数字を3枠増やす条件 / 高数字を3枠減らす条件 / 連番を2枠減らす条件 / 同じ下一桁を1枠増やす条件 / 合計値を38程度下げる条件,合計値分析では、02-06-13-14-20-42を候補に残す条件と、19-21-22-23-24-26の過採用抑制を次回検証する,2026/07/02 20:58:43
loto6,2116,2116-20260629-next_score_prediction-1,高低分析,34-36-38-40-42-43,02-06-13-14-20-42,42,34-36-38-40-43,02-06-13-14-20,34-36-38-40-43,1,高低分析: 追加候補 02-06-13-14-20 を上位に残す / 除外候補 34-36-38-40-43 の重みを抑える / 低数字を5枠増やす条件 / 高数字を5枠減らす条件 / 同じ下一桁を1枠増やす条件 / 合計値を136程度下げる条件,高低分析では、02-06-13-14-20を候補に残す条件と、34-36-38-40-43の過採用抑制を次回検証する,2026/07/02 20:58:43
loto6,2116,2116-20260629-next_score_prediction-1,連番分析,01-05-20-25-36-43,02-06-13-14-20-42,20,01-05-25-36-43,02-06-13-14-42,01-05-25-36-43,1,連番分析: 追加候補 02-06-13-14-42 を上位に残す / 除外候補 01-05-25-36-43 の重みを抑える / 奇数を3枠減らす条件 / 低数字を2枠増やす条件 / 高数字を2枠減らす条件 / 連番を1枠増やす条件 / 合計値を33程度下げる条件,連番分析では、02-06-13-14-42を候補に残す条件と、01-05-25-36-43の過採用抑制を次回検証する,2026/07/02 20:58:43
loto6,2116,2116-20260629-next_score_prediction-1,下一桁分析,06-08-18-26-28-38,02-06-13-14-20-42,06,08-18-26-28-38,02-13-14-20-42,08-18-26-28-38,1,下一桁分析: 追加候補 02-13-14-20-42 を上位に残す / 除外候補 08-18-26-28-38 の重みを抑える / 奇数を1枠増やす条件 / 低数字を2枠増やす条件 / 高数字を2枠減らす条件 / 連番を1枠増やす条件 / 同じ下一桁を1枠減らす条件 / 合計値を27程度下げる条件,下一桁分析では、02-13-14-20-42を候補に残す条件と、08-18-26-28-38の過採用抑制を次回検証する,2026/07/02 20:58:43
loto6,2116,2116-20260629-next_score_prediction-1,ペア分析,06-18-24-30-36-43,02-06-13-14-20-42,06,18-24-30-36-43,02-13-14-20-42,18-24-30-36-43,1,ペア分析: 追加候補 02-13-14-20-42 を上位に残す / 除外候補 18-24-30-36-43 の重みを抑える / 低数字を3枠増やす条件 / 高数字を3枠減らす条件 / 連番を1枠増やす条件 / 合計値を60程度下げる条件,ペア分析では、02-13-14-20-42を候補に残す条件と、18-24-30-36-43の過採用抑制を次回検証する,2026/07/02 20:58:43
loto6,2116,2116-20260629-next_score_prediction-1,トリプル分析,06-18-24-36-37-43,02-06-13-14-20-42,06,18-24-36-37-43,02-13-14-20-42,18-24-36-37-43,1,トリプル分析: 追加候補 02-13-14-20-42 を上位に残す / 除外候補 18-24-36-37-43 の重みを抑える / 奇数を1枠減らす条件 / 低数字を3枠増やす条件 / 高数字を3枠減らす条件 / 合計値を67程度下げる条件,トリプル分析では、02-13-14-20-42を候補に残す条件と、18-24-36-37-43の過採用抑制を次回検証する,2026/07/02 20:58:43
loto6,2116,2116-20260629-next_score_prediction-1,ボーナス数字分析,04-06-26-27-28-34,02-06-13-14-20-42,06,04-26-27-28-34,02-13-14-20-42,04-26-27-28-34,1,ボーナス数字分析: 追加候補 02-13-14-20-42 を上位に残す / 除外候補 04-26-27-28-34 の重みを抑える / 低数字を3枠増やす条件 / 高数字を3枠減らす条件 / 連番を1枠減らす条件 / 同じ下一桁を1枠減らす条件 / 合計値を28程度下げる条件,ボーナス数字分析では、02-13-14-20-42を候補に残す条件と、04-26-27-28-34の過採用抑制を次回検証する,2026/07/02 20:58:43
loto6,2116,2116-20260629-next_score_prediction-1,マルコフ連鎖,06-19-21-24-28-38,02-06-13-14-20-42,06,19-21-24-28-38,02-13-14-20-42,19-21-24-28-38,1,マルコフ連鎖: 追加候補 02-13-14-20-42 を上位に残す / 除外候補 19-21-24-28-38 の重みを抑える / 奇数を1枠減らす条件 / 低数字を2枠増やす条件 / 高数字を2枠減らす条件 / 連番を1枠増やす条件 / 合計値を39程度下げる条件,マルコフ連鎖では、02-13-14-20-42を候補に残す条件と、19-21-24-28-38の過採用抑制を次回検証する,2026/07/02 20:58:43
loto6,2116,2116-20260629-next_score_prediction-1,ベイズ推定,01-05-08-18-36-43,02-06-13-14-20-42,,01-05-08-18-36-43,02-06-13-14-20-42,01-05-08-18-36-43,0,ベイズ推定: 追加候補 02-06-13-14-20-42 を上位に残す / 除外候補 01-05-08-18-36-43 の重みを抑える / 奇数を2枠減らす条件 / 低数字を1枠増やす条件 / 高数字を1枠減らす条件 / 連番を1枠増やす条件 / 合計値を14程度下げる条件,ベイズ推定では、02-06-13-14-20-42を候補に残す条件と、01-05-08-18-36-43の過採用抑制を次回検証する,2026/07/02 20:58:43
loto6,2116,2116-20260629-next_score_prediction-1,モンテカルロシミュレーション,02-06-18-21-36-42,02-06-13-14-20-42,02-06-42,18-21-36,13-14-20,18-21-36,3,モンテカルロシミュレーション: 追加候補 13-14-20 を上位に残す / 除外候補 18-21-36 の重みを抑える / 低数字を1枠増やす条件 / 高数字を1枠減らす条件 / 連番を1枠増やす条件 / 同じ下一桁を1枠減らす条件 / 合計値を28程度下げる条件,モンテカルロシミュレーションでは、13-14-20を候補に残す条件と、18-21-36の過採用抑制を次回検証する,2026/07/02 20:58:43
loto6,2116,2116-20260629-next_score_prediction-1,機械学習モデル,06-08-18-28-36-43,02-06-13-14-20-42,06,08-18-28-36-43,02-13-14-20-42,08-18-28-36-43,1,機械学習モデル: 追加候補 02-13-14-20-42 を上位に残す / 除外候補 08-18-28-36-43 の重みを抑える / 低数字を2枠増やす条件 / 高数字を2枠減らす条件 / 連番を1枠増やす条件 / 同じ下一桁を1枠減らす条件 / 合計値を42程度下げる条件,機械学習モデルでは、02-13-14-20-42を候補に残す条件と、08-18-28-36-43の過採用抑制を次回検証する,2026/07/02 20:58:43
loto6,2116,2116-20260629-next_score_prediction-1,ランダム予測モデル,14-18-20-28-32-37,02-06-13-14-20-42,14-20,18-28-32-37,02-06-13-42,18-28-32-37,2,ランダム予測モデル: 追加候補 02-06-13-42 を上位に残す / 除外候補 18-28-32-37 の重みを抑える / 低数字を2枠増やす条件 / 高数字を2枠減らす条件 / 連番を1枠増やす条件 / 合計値を52程度下げる条件,ランダム予測モデルでは、02-06-13-42を候補に残す条件と、18-28-32-37の過採用抑制を次回検証する,2026/07/02 20:58:43
loto6,2116,2116-20260629-AI-1,出現頻度分析,02-06-21-37-38-42,02-06-13-14-20-42,02-06-42,21-37-38,13-14-20,21-37-38,3,出現頻度分析: 追加候補 13-14-20 を上位に残す / 除外候補 21-37-38 の重みを抑える / 奇数を1枠減らす条件 / 低数字を2枠増やす条件 / 高数字を2枠減らす条件 / 合計値を49程度下げる条件,出現頻度分析では、13-14-20を候補に残す条件と、21-37-38の過採用抑制を次回検証する,2026/07/02 20:58:47
loto6,2116,2116-20260629-AI-1,コールドナンバー分析,13-14-22-24-26-29,02-06-13-14-20-42,13-14,22-24-26-29,02-06-20-42,22-24-26-29,2,コールドナンバー分析: 追加候補 02-06-20-42 を上位に残す / 除外候補 22-24-26-29 の重みを抑える / 奇数を1枠減らす条件 / 低数字を3枠増やす条件 / 高数字を3枠減らす条件 / 合計値を31程度下げる条件,コールドナンバー分析では、02-06-20-42を候補に残す条件と、22-24-26-29の過採用抑制を次回検証する,2026/07/02 20:58:47
loto6,2116,2116-20260629-AI-1,ホットナンバー分析,01-05-08-18-36-43,02-06-13-14-20-42,,01-05-08-18-36-43,02-06-13-14-20-42,01-05-08-18-36-43,0,ホットナンバー分析: 追加候補 02-06-13-14-20-42 を上位に残す / 除外候補 01-05-08-18-36-43 の重みを抑える / 奇数を2枠減らす条件 / 低数字を1枠増やす条件 / 高数字を1枠減らす条件 / 連番を1枠増やす条件 / 合計値を14程度下げる条件,ホットナンバー分析では、02-06-13-14-20-42を候補に残す条件と、01-05-08-18-36-43の過採用抑制を次回検証する,2026/07/02 20:58:47
loto6,2116,2116-20260629-AI-1,奇数偶数分析,15-19-21-27-35-37,02-06-13-14-20-42,,15-19-21-27-35-37,02-06-13-14-20-42,15-19-21-27-35-37,0,奇数偶数分析: 追加候補 02-06-13-14-20-42 を上位に残す / 除外候補 15-19-21-27-35-37 の重みを抑える / 奇数を5枠減らす条件 / 低数字を2枠増やす条件 / 高数字を2枠減らす条件 / 連番を1枠増やす条件 / 同じ下一桁を1枠減らす条件 / 合計値を57程度下げる条件,奇数偶数分析では、02-06-13-14-20-42を候補に残す条件と、15-19-21-27-35-37の過採用抑制を次回検証する,2026/07/02 20:58:47
loto6,2116,2116-20260629-AI-1,合計値分析,19-21-22-23-24-26,02-06-13-14-20-42,,19-21-22-23-24-26,02-06-13-14-20-42,19-21-22-23-24-26,0,合計値分析: 追加候補 02-06-13-14-20-42 を上位に残す / 除外候補 19-21-22-23-24-26 の重みを抑える / 奇数を2枠減らす条件 / 低数字を3枠増やす条件 / 高数字を3枠減らす条件 / 連番を2枠減らす条件 / 同じ下一桁を1枠増やす条件 / 合計値を38程度下げる条件,合計値分析では、02-06-13-14-20-42を候補に残す条件と、19-21-22-23-24-26の過採用抑制を次回検証する,2026/07/02 20:58:47
loto6,2116,2116-20260629-AI-1,高低分析,34-36-38-40-42-43,02-06-13-14-20-42,42,34-36-38-40-43,02-06-13-14-20,34-36-38-40-43,1,高低分析: 追加候補 02-06-13-14-20 を上位に残す / 除外候補 34-36-38-40-43 の重みを抑える / 低数字を5枠増やす条件 / 高数字を5枠減らす条件 / 同じ下一桁を1枠増やす条件 / 合計値を136程度下げる条件,高低分析では、02-06-13-14-20を候補に残す条件と、34-36-38-40-43の過採用抑制を次回検証する,2026/07/02 20:58:47
loto6,2116,2116-20260629-AI-1,連番分析,01-05-20-25-36-43,02-06-13-14-20-42,20,01-05-25-36-43,02-06-13-14-42,01-05-25-36-43,1,連番分析: 追加候補 02-06-13-14-42 を上位に残す / 除外候補 01-05-25-36-43 の重みを抑える / 奇数を3枠減らす条件 / 低数字を2枠増やす条件 / 高数字を2枠減らす条件 / 連番を1枠増やす条件 / 合計値を33程度下げる条件,連番分析では、02-06-13-14-42を候補に残す条件と、01-05-25-36-43の過採用抑制を次回検証する,2026/07/02 20:58:47
loto6,2116,2116-20260629-AI-1,下一桁分析,06-08-18-26-28-38,02-06-13-14-20-42,06,08-18-26-28-38,02-13-14-20-42,08-18-26-28-38,1,下一桁分析: 追加候補 02-13-14-20-42 を上位に残す / 除外候補 08-18-26-28-38 の重みを抑える / 奇数を1枠増やす条件 / 低数字を2枠増やす条件 / 高数字を2枠減らす条件 / 連番を1枠増やす条件 / 同じ下一桁を1枠減らす条件 / 合計値を27程度下げる条件,下一桁分析では、02-13-14-20-42を候補に残す条件と、08-18-26-28-38の過採用抑制を次回検証する,2026/07/02 20:58:47
loto6,2116,2116-20260629-AI-1,ペア分析,06-18-24-30-36-43,02-06-13-14-20-42,06,18-24-30-36-43,02-13-14-20-42,18-24-30-36-43,1,ペア分析: 追加候補 02-13-14-20-42 を上位に残す / 除外候補 18-24-30-36-43 の重みを抑える / 低数字を3枠増やす条件 / 高数字を3枠減らす条件 / 連番を1枠増やす条件 / 合計値を60程度下げる条件,ペア分析では、02-13-14-20-42を候補に残す条件と、18-24-30-36-43の過採用抑制を次回検証する,2026/07/02 20:58:47
loto6,2116,2116-20260629-AI-1,トリプル分析,06-18-24-36-37-43,02-06-13-14-20-42,06,18-24-36-37-43,02-13-14-20-42,18-24-36-37-43,1,トリプル分析: 追加候補 02-13-14-20-42 を上位に残す / 除外候補 18-24-36-37-43 の重みを抑える / 奇数を1枠減らす条件 / 低数字を3枠増やす条件 / 高数字を3枠減らす条件 / 合計値を67程度下げる条件,トリプル分析では、02-13-14-20-42を候補に残す条件と、18-24-36-37-43の過採用抑制を次回検証する,2026/07/02 20:58:47
loto6,2116,2116-20260629-AI-1,ボーナス数字分析,04-06-26-27-28-34,02-06-13-14-20-42,06,04-26-27-28-34,02-13-14-20-42,04-26-27-28-34,1,ボーナス数字分析: 追加候補 02-13-14-20-42 を上位に残す / 除外候補 04-26-27-28-34 の重みを抑える / 低数字を3枠増やす条件 / 高数字を3枠減らす条件 / 連番を1枠減らす条件 / 同じ下一桁を1枠減らす条件 / 合計値を28程度下げる条件,ボーナス数字分析では、02-13-14-20-42を候補に残す条件と、04-26-27-28-34の過採用抑制を次回検証する,2026/07/02 20:58:47
loto6,2116,2116-20260629-AI-1,マルコフ連鎖,06-19-21-24-28-38,02-06-13-14-20-42,06,19-21-24-28-38,02-13-14-20-42,19-21-24-28-38,1,マルコフ連鎖: 追加候補 02-13-14-20-42 を上位に残す / 除外候補 19-21-24-28-38 の重みを抑える / 奇数を1枠減らす条件 / 低数字を2枠増やす条件 / 高数字を2枠減らす条件 / 連番を1枠増やす条件 / 合計値を39程度下げる条件,マルコフ連鎖では、02-13-14-20-42を候補に残す条件と、19-21-24-28-38の過採用抑制を次回検証する,2026/07/02 20:58:47
loto6,2116,2116-20260629-AI-1,ベイズ推定,01-05-08-18-36-43,02-06-13-14-20-42,,01-05-08-18-36-43,02-06-13-14-20-42,01-05-08-18-36-43,0,ベイズ推定: 追加候補 02-06-13-14-20-42 を上位に残す / 除外候補 01-05-08-18-36-43 の重みを抑える / 奇数を2枠減らす条件 / 低数字を1枠増やす条件 / 高数字を1枠減らす条件 / 連番を1枠増やす条件 / 合計値を14程度下げる条件,ベイズ推定では、02-06-13-14-20-42を候補に残す条件と、01-05-08-18-36-43の過採用抑制を次回検証する,2026/07/02 20:58:47
loto6,2116,2116-20260629-AI-1,モンテカルロシミュレーション,02-06-18-21-36-42,02-06-13-14-20-42,02-06-42,18-21-36,13-14-20,18-21-36,3,モンテカルロシミュレーション: 追加候補 13-14-20 を上位に残す / 除外候補 18-21-36 の重みを抑える / 低数字を1枠増やす条件 / 高数字を1枠減らす条件 / 連番を1枠増やす条件 / 同じ下一桁を1枠減らす条件 / 合計値を28程度下げる条件,モンテカルロシミュレーションでは、13-14-20を候補に残す条件と、18-21-36の過採用抑制を次回検証する,2026/07/02 20:58:47
loto6,2116,2116-20260629-AI-1,機械学習モデル,06-08-18-28-36-43,02-06-13-14-20-42,06,08-18-28-36-43,02-13-14-20-42,08-18-28-36-43,1,機械学習モデル: 追加候補 02-13-14-20-42 を上位に残す / 除外候補 08-18-28-36-43 の重みを抑える / 低数字を2枠増やす条件 / 高数字を2枠減らす条件 / 連番を1枠増やす条件 / 同じ下一桁を1枠減らす条件 / 合計値を42程度下げる条件,機械学習モデルでは、02-13-14-20-42を候補に残す条件と、08-18-28-36-43の過採用抑制を次回検証する,2026/07/02 20:58:47
loto6,2116,2116-20260629-AI-1,ランダム予測モデル,14-18-20-28-32-37,02-06-13-14-20-42,14-20,18-28-32-37,02-06-13-42,18-28-32-37,2,ランダム予測モデル: 追加候補 02-06-13-42 を上位に残す / 除外候補 18-28-32-37 の重みを抑える / 低数字を2枠増やす条件 / 高数字を2枠減らす条件 / 連番を1枠増やす条件 / 合計値を52程度下げる条件,ランダム予測モデルでは、02-06-13-42を候補に残す条件と、18-28-32-37の過採用抑制を次回検証する,2026/07/02 20:58:47
loto6,2116,2116-20260629-markov_chain-2,出現頻度分析,02-06-21-37-38-42,02-06-13-14-20-42,02-06-42,21-37-38,13-14-20,21-37-38,3,出現頻度分析: 追加候補 13-14-20 を上位に残す / 除外候補 21-37-38 の重みを抑える / 奇数を1枠減らす条件 / 低数字を2枠増やす条件 / 高数字を2枠減らす条件 / 合計値を49程度下げる条件,出現頻度分析では、13-14-20を候補に残す条件と、21-37-38の過採用抑制を次回検証する,2026/07/02 20:58:53
loto6,2116,2116-20260629-markov_chain-2,コールドナンバー分析,13-14-22-24-26-29,02-06-13-14-20-42,13-14,22-24-26-29,02-06-20-42,22-24-26-29,2,コールドナンバー分析: 追加候補 02-06-20-42 を上位に残す / 除外候補 22-24-26-29 の重みを抑える / 奇数を1枠減らす条件 / 低数字を3枠増やす条件 / 高数字を3枠減らす条件 / 合計値を31程度下げる条件,コールドナンバー分析では、02-06-20-42を候補に残す条件と、22-24-26-29の過採用抑制を次回検証する,2026/07/02 20:58:53
loto6,2116,2116-20260629-markov_chain-2,ホットナンバー分析,01-05-08-18-36-43,02-06-13-14-20-42,,01-05-08-18-36-43,02-06-13-14-20-42,01-05-08-18-36-43,0,ホットナンバー分析: 追加候補 02-06-13-14-20-42 を上位に残す / 除外候補 01-05-08-18-36-43 の重みを抑える / 奇数を2枠減らす条件 / 低数字を1枠増やす条件 / 高数字を1枠減らす条件 / 連番を1枠増やす条件 / 合計値を14程度下げる条件,ホットナンバー分析では、02-06-13-14-20-42を候補に残す条件と、01-05-08-18-36-43の過採用抑制を次回検証する,2026/07/02 20:58:53
loto6,2116,2116-20260629-markov_chain-2,奇数偶数分析,15-19-21-27-35-37,02-06-13-14-20-42,,15-19-21-27-35-37,02-06-13-14-20-42,15-19-21-27-35-37,0,奇数偶数分析: 追加候補 02-06-13-14-20-42 を上位に残す / 除外候補 15-19-21-27-35-37 の重みを抑える / 奇数を5枠減らす条件 / 低数字を2枠増やす条件 / 高数字を2枠減らす条件 / 連番を1枠増やす条件 / 同じ下一桁を1枠減らす条件 / 合計値を57程度下げる条件,奇数偶数分析では、02-06-13-14-20-42を候補に残す条件と、15-19-21-27-35-37の過採用抑制を次回検証する,2026/07/02 20:58:53
loto6,2116,2116-20260629-markov_chain-2,合計値分析,19-21-22-23-24-26,02-06-13-14-20-42,,19-21-22-23-24-26,02-06-13-14-20-42,19-21-22-23-24-26,0,合計値分析: 追加候補 02-06-13-14-20-42 を上位に残す / 除外候補 19-21-22-23-24-26 の重みを抑える / 奇数を2枠減らす条件 / 低数字を3枠増やす条件 / 高数字を3枠減らす条件 / 連番を2枠減らす条件 / 同じ下一桁を1枠増やす条件 / 合計値を38程度下げる条件,合計値分析では、02-06-13-14-20-42を候補に残す条件と、19-21-22-23-24-26の過採用抑制を次回検証する,2026/07/02 20:58:53
loto6,2116,2116-20260629-markov_chain-2,高低分析,34-36-38-40-42-43,02-06-13-14-20-42,42,34-36-38-40-43,02-06-13-14-20,34-36-38-40-43,1,高低分析: 追加候補 02-06-13-14-20 を上位に残す / 除外候補 34-36-38-40-43 の重みを抑える / 低数字を5枠増やす条件 / 高数字を5枠減らす条件 / 同じ下一桁を1枠増やす条件 / 合計値を136程度下げる条件,高低分析では、02-06-13-14-20を候補に残す条件と、34-36-38-40-43の過採用抑制を次回検証する,2026/07/02 20:58:53
loto6,2116,2116-20260629-markov_chain-2,連番分析,01-05-20-25-36-43,02-06-13-14-20-42,20,01-05-25-36-43,02-06-13-14-42,01-05-25-36-43,1,連番分析: 追加候補 02-06-13-14-42 を上位に残す / 除外候補 01-05-25-36-43 の重みを抑える / 奇数を3枠減らす条件 / 低数字を2枠増やす条件 / 高数字を2枠減らす条件 / 連番を1枠増やす条件 / 合計値を33程度下げる条件,連番分析では、02-06-13-14-42を候補に残す条件と、01-05-25-36-43の過採用抑制を次回検証する,2026/07/02 20:58:53
loto6,2116,2116-20260629-markov_chain-2,下一桁分析,06-08-18-26-28-38,02-06-13-14-20-42,06,08-18-26-28-38,02-13-14-20-42,08-18-26-28-38,1,下一桁分析: 追加候補 02-13-14-20-42 を上位に残す / 除外候補 08-18-26-28-38 の重みを抑える / 奇数を1枠増やす条件 / 低数字を2枠増やす条件 / 高数字を2枠減らす条件 / 連番を1枠増やす条件 / 同じ下一桁を1枠減らす条件 / 合計値を27程度下げる条件,下一桁分析では、02-13-14-20-42を候補に残す条件と、08-18-26-28-38の過採用抑制を次回検証する,2026/07/02 20:58:53
loto6,2116,2116-20260629-markov_chain-2,ペア分析,06-18-24-30-36-43,02-06-13-14-20-42,06,18-24-30-36-43,02-13-14-20-42,18-24-30-36-43,1,ペア分析: 追加候補 02-13-14-20-42 を上位に残す / 除外候補 18-24-30-36-43 の重みを抑える / 低数字を3枠増やす条件 / 高数字を3枠減らす条件 / 連番を1枠増やす条件 / 合計値を60程度下げる条件,ペア分析では、02-13-14-20-42を候補に残す条件と、18-24-30-36-43の過採用抑制を次回検証する,2026/07/02 20:58:53
loto6,2116,2116-20260629-markov_chain-2,トリプル分析,06-18-24-36-37-43,02-06-13-14-20-42,06,18-24-36-37-43,02-13-14-20-42,18-24-36-37-43,1,トリプル分析: 追加候補 02-13-14-20-42 を上位に残す / 除外候補 18-24-36-37-43 の重みを抑える / 奇数を1枠減らす条件 / 低数字を3枠増やす条件 / 高数字を3枠減らす条件 / 合計値を67程度下げる条件,トリプル分析では、02-13-14-20-42を候補に残す条件と、18-24-36-37-43の過採用抑制を次回検証する,2026/07/02 20:58:53
loto6,2116,2116-20260629-markov_chain-2,ボーナス数字分析,04-06-26-27-28-34,02-06-13-14-20-42,06,04-26-27-28-34,02-13-14-20-42,04-26-27-28-34,1,ボーナス数字分析: 追加候補 02-13-14-20-42 を上位に残す / 除外候補 04-26-27-28-34 の重みを抑える / 低数字を3枠増やす条件 / 高数字を3枠減らす条件 / 連番を1枠減らす条件 / 同じ下一桁を1枠減らす条件 / 合計値を28程度下げる条件,ボーナス数字分析では、02-13-14-20-42を候補に残す条件と、04-26-27-28-34の過採用抑制を次回検証する,2026/07/02 20:58:53
loto6,2116,2116-20260629-markov_chain-2,マルコフ連鎖,06-19-21-24-28-38,02-06-13-14-20-42,06,19-21-24-28-38,02-13-14-20-42,19-21-24-28-38,1,マルコフ連鎖: 追加候補 02-13-14-20-42 を上位に残す / 除外候補 19-21-24-28-38 の重みを抑える / 奇数を1枠減らす条件 / 低数字を2枠増やす条件 / 高数字を2枠減らす条件 / 連番を1枠増やす条件 / 合計値を39程度下げる条件,マルコフ連鎖では、02-13-14-20-42を候補に残す条件と、19-21-24-28-38の過採用抑制を次回検証する,2026/07/02 20:58:53
loto6,2116,2116-20260629-markov_chain-2,ベイズ推定,01-05-08-18-36-43,02-06-13-14-20-42,,01-05-08-18-36-43,02-06-13-14-20-42,01-05-08-18-36-43,0,ベイズ推定: 追加候補 02-06-13-14-20-42 を上位に残す / 除外候補 01-05-08-18-36-43 の重みを抑える / 奇数を2枠減らす条件 / 低数字を1枠増やす条件 / 高数字を1枠減らす条件 / 連番を1枠増やす条件 / 合計値を14程度下げる条件,ベイズ推定では、02-06-13-14-20-42を候補に残す条件と、01-05-08-18-36-43の過採用抑制を次回検証する,2026/07/02 20:58:53
loto6,2116,2116-20260629-markov_chain-2,モンテカルロシミュレーション,02-06-18-21-36-42,02-06-13-14-20-42,02-06-42,18-21-36,13-14-20,18-21-36,3,モンテカルロシミュレーション: 追加候補 13-14-20 を上位に残す / 除外候補 18-21-36 の重みを抑える / 低数字を1枠増やす条件 / 高数字を1枠減らす条件 / 連番を1枠増やす条件 / 同じ下一桁を1枠減らす条件 / 合計値を28程度下げる条件,モンテカルロシミュレーションでは、13-14-20を候補に残す条件と、18-21-36の過採用抑制を次回検証する,2026/07/02 20:58:53
loto6,2116,2116-20260629-markov_chain-2,機械学習モデル,06-08-18-28-36-43,02-06-13-14-20-42,06,08-18-28-36-43,02-13-14-20-42,08-18-28-36-43,1,機械学習モデル: 追加候補 02-13-14-20-42 を上位に残す / 除外候補 08-18-28-36-43 の重みを抑える / 低数字を2枠増やす条件 / 高数字を2枠減らす条件 / 連番を1枠増やす条件 / 同じ下一桁を1枠減らす条件 / 合計値を42程度下げる条件,機械学習モデルでは、02-13-14-20-42を候補に残す条件と、08-18-28-36-43の過採用抑制を次回検証する,2026/07/02 20:58:53
loto6,2116,2116-20260629-markov_chain-2,ランダム予測モデル,14-18-20-28-32-37,02-06-13-14-20-42,14-20,18-28-32-37,02-06-13-42,18-28-32-37,2,ランダム予測モデル: 追加候補 02-06-13-42 を上位に残す / 除外候補 18-28-32-37 の重みを抑える / 低数字を2枠増やす条件 / 高数字を2枠減らす条件 / 連番を1枠増やす条件 / 合計値を52程度下げる条件,ランダム予測モデルでは、02-06-13-42を候補に残す条件と、18-28-32-37の過採用抑制を次回検証する,2026/07/02 20:58:53
loto6,2116,2116-20260629-next_score_prediction-2,出現頻度分析,02-06-21-37-38-42,02-06-13-14-20-42,02-06-42,21-37-38,13-14-20,21-37-38,3,出現頻度分析: 追加候補 13-14-20 を上位に残す / 除外候補 21-37-38 の重みを抑える / 奇数を1枠減らす条件 / 低数字を2枠増やす条件 / 高数字を2枠減らす条件 / 合計値を49程度下げる条件,出現頻度分析では、13-14-20を候補に残す条件と、21-37-38の過採用抑制を次回検証する,2026/07/02 20:58:56
loto6,2116,2116-20260629-next_score_prediction-2,コールドナンバー分析,13-14-22-24-26-29,02-06-13-14-20-42,13-14,22-24-26-29,02-06-20-42,22-24-26-29,2,コールドナンバー分析: 追加候補 02-06-20-42 を上位に残す / 除外候補 22-24-26-29 の重みを抑える / 奇数を1枠減らす条件 / 低数字を3枠増やす条件 / 高数字を3枠減らす条件 / 合計値を31程度下げる条件,コールドナンバー分析では、02-06-20-42を候補に残す条件と、22-24-26-29の過採用抑制を次回検証する,2026/07/02 20:58:56
loto6,2116,2116-20260629-next_score_prediction-2,ホットナンバー分析,01-05-08-18-36-43,02-06-13-14-20-42,,01-05-08-18-36-43,02-06-13-14-20-42,01-05-08-18-36-43,0,ホットナンバー分析: 追加候補 02-06-13-14-20-42 を上位に残す / 除外候補 01-05-08-18-36-43 の重みを抑える / 奇数を2枠減らす条件 / 低数字を1枠増やす条件 / 高数字を1枠減らす条件 / 連番を1枠増やす条件 / 合計値を14程度下げる条件,ホットナンバー分析では、02-06-13-14-20-42を候補に残す条件と、01-05-08-18-36-43の過採用抑制を次回検証する,2026/07/02 20:58:56
loto6,2116,2116-20260629-next_score_prediction-2,奇数偶数分析,15-19-21-27-35-37,02-06-13-14-20-42,,15-19-21-27-35-37,02-06-13-14-20-42,15-19-21-27-35-37,0,奇数偶数分析: 追加候補 02-06-13-14-20-42 を上位に残す / 除外候補 15-19-21-27-35-37 の重みを抑える / 奇数を5枠減らす条件 / 低数字を2枠増やす条件 / 高数字を2枠減らす条件 / 連番を1枠増やす条件 / 同じ下一桁を1枠減らす条件 / 合計値を57程度下げる条件,奇数偶数分析では、02-06-13-14-20-42を候補に残す条件と、15-19-21-27-35-37の過採用抑制を次回検証する,2026/07/02 20:58:56
loto6,2116,2116-20260629-next_score_prediction-2,合計値分析,19-21-22-23-24-26,02-06-13-14-20-42,,19-21-22-23-24-26,02-06-13-14-20-42,19-21-22-23-24-26,0,合計値分析: 追加候補 02-06-13-14-20-42 を上位に残す / 除外候補 19-21-22-23-24-26 の重みを抑える / 奇数を2枠減らす条件 / 低数字を3枠増やす条件 / 高数字を3枠減らす条件 / 連番を2枠減らす条件 / 同じ下一桁を1枠増やす条件 / 合計値を38程度下げる条件,合計値分析では、02-06-13-14-20-42を候補に残す条件と、19-21-22-23-24-26の過採用抑制を次回検証する,2026/07/02 20:58:56
loto6,2116,2116-20260629-next_score_prediction-2,高低分析,34-36-38-40-42-43,02-06-13-14-20-42,42,34-36-38-40-43,02-06-13-14-20,34-36-38-40-43,1,高低分析: 追加候補 02-06-13-14-20 を上位に残す / 除外候補 34-36-38-40-43 の重みを抑える / 低数字を5枠増やす条件 / 高数字を5枠減らす条件 / 同じ下一桁を1枠増やす条件 / 合計値を136程度下げる条件,高低分析では、02-06-13-14-20を候補に残す条件と、34-36-38-40-43の過採用抑制を次回検証する,2026/07/02 20:58:56
loto6,2116,2116-20260629-next_score_prediction-2,連番分析,01-05-20-25-36-43,02-06-13-14-20-42,20,01-05-25-36-43,02-06-13-14-42,01-05-25-36-43,1,連番分析: 追加候補 02-06-13-14-42 を上位に残す / 除外候補 01-05-25-36-43 の重みを抑える / 奇数を3枠減らす条件 / 低数字を2枠増やす条件 / 高数字を2枠減らす条件 / 連番を1枠増やす条件 / 合計値を33程度下げる条件,連番分析では、02-06-13-14-42を候補に残す条件と、01-05-25-36-43の過採用抑制を次回検証する,2026/07/02 20:58:56
loto6,2116,2116-20260629-next_score_prediction-2,下一桁分析,06-08-18-26-28-38,02-06-13-14-20-42,06,08-18-26-28-38,02-13-14-20-42,08-18-26-28-38,1,下一桁分析: 追加候補 02-13-14-20-42 を上位に残す / 除外候補 08-18-26-28-38 の重みを抑える / 奇数を1枠増やす条件 / 低数字を2枠増やす条件 / 高数字を2枠減らす条件 / 連番を1枠増やす条件 / 同じ下一桁を1枠減らす条件 / 合計値を27程度下げる条件,下一桁分析では、02-13-14-20-42を候補に残す条件と、08-18-26-28-38の過採用抑制を次回検証する,2026/07/02 20:58:56
loto6,2116,2116-20260629-next_score_prediction-2,ペア分析,06-18-24-30-36-43,02-06-13-14-20-42,06,18-24-30-36-43,02-13-14-20-42,18-24-30-36-43,1,ペア分析: 追加候補 02-13-14-20-42 を上位に残す / 除外候補 18-24-30-36-43 の重みを抑える / 低数字を3枠増やす条件 / 高数字を3枠減らす条件 / 連番を1枠増やす条件 / 合計値を60程度下げる条件,ペア分析では、02-13-14-20-42を候補に残す条件と、18-24-30-36-43の過採用抑制を次回検証する,2026/07/02 20:58:56
loto6,2116,2116-20260629-next_score_prediction-2,トリプル分析,06-18-24-36-37-43,02-06-13-14-20-42,06,18-24-36-37-43,02-13-14-20-42,18-24-36-37-43,1,トリプル分析: 追加候補 02-13-14-20-42 を上位に残す / 除外候補 18-24-36-37-43 の重みを抑える / 奇数を1枠減らす条件 / 低数字を3枠増やす条件 / 高数字を3枠減らす条件 / 合計値を67程度下げる条件,トリプル分析では、02-13-14-20-42を候補に残す条件と、18-24-36-37-43の過採用抑制を次回検証する,2026/07/02 20:58:56
loto6,2116,2116-20260629-next_score_prediction-2,ボーナス数字分析,04-06-26-27-28-34,02-06-13-14-20-42,06,04-26-27-28-34,02-13-14-20-42,04-26-27-28-34,1,ボーナス数字分析: 追加候補 02-13-14-20-42 を上位に残す / 除外候補 04-26-27-28-34 の重みを抑える / 低数字を3枠増やす条件 / 高数字を3枠減らす条件 / 連番を1枠減らす条件 / 同じ下一桁を1枠減らす条件 / 合計値を28程度下げる条件,ボーナス数字分析では、02-13-14-20-42を候補に残す条件と、04-26-27-28-34の過採用抑制を次回検証する,2026/07/02 20:58:56
loto6,2116,2116-20260629-next_score_prediction-2,マルコフ連鎖,06-19-21-24-28-38,02-06-13-14-20-42,06,19-21-24-28-38,02-13-14-20-42,19-21-24-28-38,1,マルコフ連鎖: 追加候補 02-13-14-20-42 を上位に残す / 除外候補 19-21-24-28-38 の重みを抑える / 奇数を1枠減らす条件 / 低数字を2枠増やす条件 / 高数字を2枠減らす条件 / 連番を1枠増やす条件 / 合計値を39程度下げる条件,マルコフ連鎖では、02-13-14-20-42を候補に残す条件と、19-21-24-28-38の過採用抑制を次回検証する,2026/07/02 20:58:56
loto6,2116,2116-20260629-next_score_prediction-2,ベイズ推定,01-05-08-18-36-43,02-06-13-14-20-42,,01-05-08-18-36-43,02-06-13-14-20-42,01-05-08-18-36-43,0,ベイズ推定: 追加候補 02-06-13-14-20-42 を上位に残す / 除外候補 01-05-08-18-36-43 の重みを抑える / 奇数を2枠減らす条件 / 低数字を1枠増やす条件 / 高数字を1枠減らす条件 / 連番を1枠増やす条件 / 合計値を14程度下げる条件,ベイズ推定では、02-06-13-14-20-42を候補に残す条件と、01-05-08-18-36-43の過採用抑制を次回検証する,2026/07/02 20:58:56
loto6,2116,2116-20260629-next_score_prediction-2,モンテカルロシミュレーション,02-06-18-21-36-42,02-06-13-14-20-42,02-06-42,18-21-36,13-14-20,18-21-36,3,モンテカルロシミュレーション: 追加候補 13-14-20 を上位に残す / 除外候補 18-21-36 の重みを抑える / 低数字を1枠増やす条件 / 高数字を1枠減らす条件 / 連番を1枠増やす条件 / 同じ下一桁を1枠減らす条件 / 合計値を28程度下げる条件,モンテカルロシミュレーションでは、13-14-20を候補に残す条件と、18-21-36の過採用抑制を次回検証する,2026/07/02 20:58:56
loto6,2116,2116-20260629-next_score_prediction-2,機械学習モデル,06-08-18-28-36-43,02-06-13-14-20-42,06,08-18-28-36-43,02-13-14-20-42,08-18-28-36-43,1,機械学習モデル: 追加候補 02-13-14-20-42 を上位に残す / 除外候補 08-18-28-36-43 の重みを抑える / 低数字を2枠増やす条件 / 高数字を2枠減らす条件 / 連番を1枠増やす条件 / 同じ下一桁を1枠減らす条件 / 合計値を42程度下げる条件,機械学習モデルでは、02-13-14-20-42を候補に残す条件と、08-18-28-36-43の過採用抑制を次回検証する,2026/07/02 20:58:56
loto6,2116,2116-20260629-next_score_prediction-2,ランダム予測モデル,14-18-20-28-32-37,02-06-13-14-20-42,14-20,18-28-32-37,02-06-13-42,18-28-32-37,2,ランダム予測モデル: 追加候補 02-06-13-42 を上位に残す / 除外候補 18-28-32-37 の重みを抑える / 低数字を2枠増やす条件 / 高数字を2枠減らす条件 / 連番を1枠増やす条件 / 合計値を52程度下げる条件,ランダム予測モデルでは、02-06-13-42を候補に残す条件と、18-28-32-37の過採用抑制を次回検証する,2026/07/02 20:58:56
loto6,2116,2116-20260629-AI-2,出現頻度分析,02-06-21-37-38-42,02-06-13-14-20-42,02-06-42,21-37-38,13-14-20,21-37-38,3,出現頻度分析: 追加候補 13-14-20 を上位に残す / 除外候補 21-37-38 の重みを抑える / 奇数を1枠減らす条件 / 低数字を2枠増やす条件 / 高数字を2枠減らす条件 / 合計値を49程度下げる条件,出現頻度分析では、13-14-20を候補に残す条件と、21-37-38の過採用抑制を次回検証する,2026/07/02 20:59:01
loto6,2116,2116-20260629-AI-2,コールドナンバー分析,13-14-22-24-26-29,02-06-13-14-20-42,13-14,22-24-26-29,02-06-20-42,22-24-26-29,2,コールドナンバー分析: 追加候補 02-06-20-42 を上位に残す / 除外候補 22-24-26-29 の重みを抑える / 奇数を1枠減らす条件 / 低数字を3枠増やす条件 / 高数字を3枠減らす条件 / 合計値を31程度下げる条件,コールドナンバー分析では、02-06-20-42を候補に残す条件と、22-24-26-29の過採用抑制を次回検証する,2026/07/02 20:59:01
loto6,2116,2116-20260629-AI-2,ホットナンバー分析,01-05-08-18-36-43,02-06-13-14-20-42,,01-05-08-18-36-43,02-06-13-14-20-42,01-05-08-18-36-43,0,ホットナンバー分析: 追加候補 02-06-13-14-20-42 を上位に残す / 除外候補 01-05-08-18-36-43 の重みを抑える / 奇数を2枠減らす条件 / 低数字を1枠増やす条件 / 高数字を1枠減らす条件 / 連番を1枠増やす条件 / 合計値を14程度下げる条件,ホットナンバー分析では、02-06-13-14-20-42を候補に残す条件と、01-05-08-18-36-43の過採用抑制を次回検証する,2026/07/02 20:59:01
loto6,2116,2116-20260629-AI-2,奇数偶数分析,15-19-21-27-35-37,02-06-13-14-20-42,,15-19-21-27-35-37,02-06-13-14-20-42,15-19-21-27-35-37,0,奇数偶数分析: 追加候補 02-06-13-14-20-42 を上位に残す / 除外候補 15-19-21-27-35-37 の重みを抑える / 奇数を5枠減らす条件 / 低数字を2枠増やす条件 / 高数字を2枠減らす条件 / 連番を1枠増やす条件 / 同じ下一桁を1枠減らす条件 / 合計値を57程度下げる条件,奇数偶数分析では、02-06-13-14-20-42を候補に残す条件と、15-19-21-27-35-37の過採用抑制を次回検証する,2026/07/02 20:59:01
loto6,2116,2116-20260629-AI-2,合計値分析,19-21-22-23-24-26,02-06-13-14-20-42,,19-21-22-23-24-26,02-06-13-14-20-42,19-21-22-23-24-26,0,合計値分析: 追加候補 02-06-13-14-20-42 を上位に残す / 除外候補 19-21-22-23-24-26 の重みを抑える / 奇数を2枠減らす条件 / 低数字を3枠増やす条件 / 高数字を3枠減らす条件 / 連番を2枠減らす条件 / 同じ下一桁を1枠増やす条件 / 合計値を38程度下げる条件,合計値分析では、02-06-13-14-20-42を候補に残す条件と、19-21-22-23-24-26の過採用抑制を次回検証する,2026/07/02 20:59:01
loto6,2116,2116-20260629-AI-2,高低分析,34-36-38-40-42-43,02-06-13-14-20-42,42,34-36-38-40-43,02-06-13-14-20,34-36-38-40-43,1,高低分析: 追加候補 02-06-13-14-20 を上位に残す / 除外候補 34-36-38-40-43 の重みを抑える / 低数字を5枠増やす条件 / 高数字を5枠減らす条件 / 同じ下一桁を1枠増やす条件 / 合計値を136程度下げる条件,高低分析では、02-06-13-14-20を候補に残す条件と、34-36-38-40-43の過採用抑制を次回検証する,2026/07/02 20:59:01
loto6,2116,2116-20260629-AI-2,連番分析,01-05-20-25-36-43,02-06-13-14-20-42,20,01-05-25-36-43,02-06-13-14-42,01-05-25-36-43,1,連番分析: 追加候補 02-06-13-14-42 を上位に残す / 除外候補 01-05-25-36-43 の重みを抑える / 奇数を3枠減らす条件 / 低数字を2枠増やす条件 / 高数字を2枠減らす条件 / 連番を1枠増やす条件 / 合計値を33程度下げる条件,連番分析では、02-06-13-14-42を候補に残す条件と、01-05-25-36-43の過採用抑制を次回検証する,2026/07/02 20:59:01
loto6,2116,2116-20260629-AI-2,下一桁分析,06-08-18-26-28-38,02-06-13-14-20-42,06,08-18-26-28-38,02-13-14-20-42,08-18-26-28-38,1,下一桁分析: 追加候補 02-13-14-20-42 を上位に残す / 除外候補 08-18-26-28-38 の重みを抑える / 奇数を1枠増やす条件 / 低数字を2枠増やす条件 / 高数字を2枠減らす条件 / 連番を1枠増やす条件 / 同じ下一桁を1枠減らす条件 / 合計値を27程度下げる条件,下一桁分析では、02-13-14-20-42を候補に残す条件と、08-18-26-28-38の過採用抑制を次回検証する,2026/07/02 20:59:01
loto6,2116,2116-20260629-AI-2,ペア分析,06-18-24-30-36-43,02-06-13-14-20-42,06,18-24-30-36-43,02-13-14-20-42,18-24-30-36-43,1,ペア分析: 追加候補 02-13-14-20-42 を上位に残す / 除外候補 18-24-30-36-43 の重みを抑える / 低数字を3枠増やす条件 / 高数字を3枠減らす条件 / 連番を1枠増やす条件 / 合計値を60程度下げる条件,ペア分析では、02-13-14-20-42を候補に残す条件と、18-24-30-36-43の過採用抑制を次回検証する,2026/07/02 20:59:01
loto6,2116,2116-20260629-AI-2,トリプル分析,06-18-24-36-37-43,02-06-13-14-20-42,06,18-24-36-37-43,02-13-14-20-42,18-24-36-37-43,1,トリプル分析: 追加候補 02-13-14-20-42 を上位に残す / 除外候補 18-24-36-37-43 の重みを抑える / 奇数を1枠減らす条件 / 低数字を3枠増やす条件 / 高数字を3枠減らす条件 / 合計値を67程度下げる条件,トリプル分析では、02-13-14-20-42を候補に残す条件と、18-24-36-37-43の過採用抑制を次回検証する,2026/07/02 20:59:01
loto6,2116,2116-20260629-AI-2,ボーナス数字分析,04-06-26-27-28-34,02-06-13-14-20-42,06,04-26-27-28-34,02-13-14-20-42,04-26-27-28-34,1,ボーナス数字分析: 追加候補 02-13-14-20-42 を上位に残す / 除外候補 04-26-27-28-34 の重みを抑える / 低数字を3枠増やす条件 / 高数字を3枠減らす条件 / 連番を1枠減らす条件 / 同じ下一桁を1枠減らす条件 / 合計値を28程度下げる条件,ボーナス数字分析では、02-13-14-20-42を候補に残す条件と、04-26-27-28-34の過採用抑制を次回検証する,2026/07/02 20:59:01
loto6,2116,2116-20260629-AI-2,マルコフ連鎖,06-19-21-24-28-38,02-06-13-14-20-42,06,19-21-24-28-38,02-13-14-20-42,19-21-24-28-38,1,マルコフ連鎖: 追加候補 02-13-14-20-42 を上位に残す / 除外候補 19-21-24-28-38 の重みを抑える / 奇数を1枠減らす条件 / 低数字を2枠増やす条件 / 高数字を2枠減らす条件 / 連番を1枠増やす条件 / 合計値を39程度下げる条件,マルコフ連鎖では、02-13-14-20-42を候補に残す条件と、19-21-24-28-38の過採用抑制を次回検証する,2026/07/02 20:59:01
loto6,2116,2116-20260629-AI-2,ベイズ推定,01-05-08-18-36-43,02-06-13-14-20-42,,01-05-08-18-36-43,02-06-13-14-20-42,01-05-08-18-36-43,0,ベイズ推定: 追加候補 02-06-13-14-20-42 を上位に残す / 除外候補 01-05-08-18-36-43 の重みを抑える / 奇数を2枠減らす条件 / 低数字を1枠増やす条件 / 高数字を1枠減らす条件 / 連番を1枠増やす条件 / 合計値を14程度下げる条件,ベイズ推定では、02-06-13-14-20-42を候補に残す条件と、01-05-08-18-36-43の過採用抑制を次回検証する,2026/07/02 20:59:01
loto6,2116,2116-20260629-AI-2,モンテカルロシミュレーション,02-06-18-21-36-42,02-06-13-14-20-42,02-06-42,18-21-36,13-14-20,18-21-36,3,モンテカルロシミュレーション: 追加候補 13-14-20 を上位に残す / 除外候補 18-21-36 の重みを抑える / 低数字を1枠増やす条件 / 高数字を1枠減らす条件 / 連番を1枠増やす条件 / 同じ下一桁を1枠減らす条件 / 合計値を28程度下げる条件,モンテカルロシミュレーションでは、13-14-20を候補に残す条件と、18-21-36の過採用抑制を次回検証する,2026/07/02 20:59:01
loto6,2116,2116-20260629-AI-2,機械学習モデル,06-08-18-28-36-43,02-06-13-14-20-42,06,08-18-28-36-43,02-13-14-20-42,08-18-28-36-43,1,機械学習モデル: 追加候補 02-13-14-20-42 を上位に残す / 除外候補 08-18-28-36-43 の重みを抑える / 低数字を2枠増やす条件 / 高数字を2枠減らす条件 / 連番を1枠増やす条件 / 同じ下一桁を1枠減らす条件 / 合計値を42程度下げる条件,機械学習モデルでは、02-13-14-20-42を候補に残す条件と、08-18-28-36-43の過採用抑制を次回検証する,2026/07/02 20:59:01
loto6,2116,2116-20260629-AI-2,ランダム予測モデル,14-18-20-28-32-37,02-06-13-14-20-42,14-20,18-28-32-37,02-06-13-42,18-28-32-37,2,ランダム予測モデル: 追加候補 02-06-13-42 を上位に残す / 除外候補 18-28-32-37 の重みを抑える / 低数字を2枠増やす条件 / 高数字を2枠減らす条件 / 連番を1枠増やす条件 / 合計値を52程度下げる条件,ランダム予測モデルでは、02-06-13-42を候補に残す条件と、18-28-32-37の過採用抑制を次回検証する,2026/07/02 20:59:01
loto6,2116,2116-20260629-markov_chain-3,出現頻度分析,02-06-21-37-38-42,02-06-13-14-20-42,02-06-42,21-37-38,13-14-20,21-37-38,3,出現頻度分析: 追加候補 13-14-20 を上位に残す / 除外候補 21-37-38 の重みを抑える / 奇数を1枠減らす条件 / 低数字を2枠増やす条件 / 高数字を2枠減らす条件 / 合計値を49程度下げる条件,出現頻度分析では、13-14-20を候補に残す条件と、21-37-38の過採用抑制を次回検証する,2026/07/02 20:59:04
loto6,2116,2116-20260629-markov_chain-3,コールドナンバー分析,13-14-22-24-26-29,02-06-13-14-20-42,13-14,22-24-26-29,02-06-20-42,22-24-26-29,2,コールドナンバー分析: 追加候補 02-06-20-42 を上位に残す / 除外候補 22-24-26-29 の重みを抑える / 奇数を1枠減らす条件 / 低数字を3枠増やす条件 / 高数字を3枠減らす条件 / 合計値を31程度下げる条件,コールドナンバー分析では、02-06-20-42を候補に残す条件と、22-24-26-29の過採用抑制を次回検証する,2026/07/02 20:59:04
loto6,2116,2116-20260629-markov_chain-3,ホットナンバー分析,01-05-08-18-36-43,02-06-13-14-20-42,,01-05-08-18-36-43,02-06-13-14-20-42,01-05-08-18-36-43,0,ホットナンバー分析: 追加候補 02-06-13-14-20-42 を上位に残す / 除外候補 01-05-08-18-36-43 の重みを抑える / 奇数を2枠減らす条件 / 低数字を1枠増やす条件 / 高数字を1枠減らす条件 / 連番を1枠増やす条件 / 合計値を14程度下げる条件,ホットナンバー分析では、02-06-13-14-20-42を候補に残す条件と、01-05-08-18-36-43の過採用抑制を次回検証する,2026/07/02 20:59:04
loto6,2116,2116-20260629-markov_chain-3,奇数偶数分析,15-19-21-27-35-37,02-06-13-14-20-42,,15-19-21-27-35-37,02-06-13-14-20-42,15-19-21-27-35-37,0,奇数偶数分析: 追加候補 02-06-13-14-20-42 を上位に残す / 除外候補 15-19-21-27-35-37 の重みを抑える / 奇数を5枠減らす条件 / 低数字を2枠増やす条件 / 高数字を2枠減らす条件 / 連番を1枠増やす条件 / 同じ下一桁を1枠減らす条件 / 合計値を57程度下げる条件,奇数偶数分析では、02-06-13-14-20-42を候補に残す条件と、15-19-21-27-35-37の過採用抑制を次回検証する,2026/07/02 20:59:04
loto6,2116,2116-20260629-markov_chain-3,合計値分析,19-21-22-23-24-26,02-06-13-14-20-42,,19-21-22-23-24-26,02-06-13-14-20-42,19-21-22-23-24-26,0,合計値分析: 追加候補 02-06-13-14-20-42 を上位に残す / 除外候補 19-21-22-23-24-26 の重みを抑える / 奇数を2枠減らす条件 / 低数字を3枠増やす条件 / 高数字を3枠減らす条件 / 連番を2枠減らす条件 / 同じ下一桁を1枠増やす条件 / 合計値を38程度下げる条件,合計値分析では、02-06-13-14-20-42を候補に残す条件と、19-21-22-23-24-26の過採用抑制を次回検証する,2026/07/02 20:59:04
loto6,2116,2116-20260629-markov_chain-3,高低分析,34-36-38-40-42-43,02-06-13-14-20-42,42,34-36-38-40-43,02-06-13-14-20,34-36-38-40-43,1,高低分析: 追加候補 02-06-13-14-20 を上位に残す / 除外候補 34-36-38-40-43 の重みを抑える / 低数字を5枠増やす条件 / 高数字を5枠減らす条件 / 同じ下一桁を1枠増やす条件 / 合計値を136程度下げる条件,高低分析では、02-06-13-14-20を候補に残す条件と、34-36-38-40-43の過採用抑制を次回検証する,2026/07/02 20:59:04
loto6,2116,2116-20260629-markov_chain-3,連番分析,01-05-20-25-36-43,02-06-13-14-20-42,20,01-05-25-36-43,02-06-13-14-42,01-05-25-36-43,1,連番分析: 追加候補 02-06-13-14-42 を上位に残す / 除外候補 01-05-25-36-43 の重みを抑える / 奇数を3枠減らす条件 / 低数字を2枠増やす条件 / 高数字を2枠減らす条件 / 連番を1枠増やす条件 / 合計値を33程度下げる条件,連番分析では、02-06-13-14-42を候補に残す条件と、01-05-25-36-43の過採用抑制を次回検証する,2026/07/02 20:59:04
loto6,2116,2116-20260629-markov_chain-3,下一桁分析,06-08-18-26-28-38,02-06-13-14-20-42,06,08-18-26-28-38,02-13-14-20-42,08-18-26-28-38,1,下一桁分析: 追加候補 02-13-14-20-42 を上位に残す / 除外候補 08-18-26-28-38 の重みを抑える / 奇数を1枠増やす条件 / 低数字を2枠増やす条件 / 高数字を2枠減らす条件 / 連番を1枠増やす条件 / 同じ下一桁を1枠減らす条件 / 合計値を27程度下げる条件,下一桁分析では、02-13-14-20-42を候補に残す条件と、08-18-26-28-38の過採用抑制を次回検証する,2026/07/02 20:59:04
loto6,2116,2116-20260629-markov_chain-3,ペア分析,06-18-24-30-36-43,02-06-13-14-20-42,06,18-24-30-36-43,02-13-14-20-42,18-24-30-36-43,1,ペア分析: 追加候補 02-13-14-20-42 を上位に残す / 除外候補 18-24-30-36-43 の重みを抑える / 低数字を3枠増やす条件 / 高数字を3枠減らす条件 / 連番を1枠増やす条件 / 合計値を60程度下げる条件,ペア分析では、02-13-14-20-42を候補に残す条件と、18-24-30-36-43の過採用抑制を次回検証する,2026/07/02 20:59:04
loto6,2116,2116-20260629-markov_chain-3,トリプル分析,06-18-24-36-37-43,02-06-13-14-20-42,06,18-24-36-37-43,02-13-14-20-42,18-24-36-37-43,1,トリプル分析: 追加候補 02-13-14-20-42 を上位に残す / 除外候補 18-24-36-37-43 の重みを抑える / 奇数を1枠減らす条件 / 低数字を3枠増やす条件 / 高数字を3枠減らす条件 / 合計値を67程度下げる条件,トリプル分析では、02-13-14-20-42を候補に残す条件と、18-24-36-37-43の過採用抑制を次回検証する,2026/07/02 20:59:04
loto6,2116,2116-20260629-markov_chain-3,ボーナス数字分析,04-06-26-27-28-34,02-06-13-14-20-42,06,04-26-27-28-34,02-13-14-20-42,04-26-27-28-34,1,ボーナス数字分析: 追加候補 02-13-14-20-42 を上位に残す / 除外候補 04-26-27-28-34 の重みを抑える / 低数字を3枠増やす条件 / 高数字を3枠減らす条件 / 連番を1枠減らす条件 / 同じ下一桁を1枠減らす条件 / 合計値を28程度下げる条件,ボーナス数字分析では、02-13-14-20-42を候補に残す条件と、04-26-27-28-34の過採用抑制を次回検証する,2026/07/02 20:59:04
loto6,2116,2116-20260629-markov_chain-3,マルコフ連鎖,06-19-21-24-28-38,02-06-13-14-20-42,06,19-21-24-28-38,02-13-14-20-42,19-21-24-28-38,1,マルコフ連鎖: 追加候補 02-13-14-20-42 を上位に残す / 除外候補 19-21-24-28-38 の重みを抑える / 奇数を1枠減らす条件 / 低数字を2枠増やす条件 / 高数字を2枠減らす条件 / 連番を1枠増やす条件 / 合計値を39程度下げる条件,マルコフ連鎖では、02-13-14-20-42を候補に残す条件と、19-21-24-28-38の過採用抑制を次回検証する,2026/07/02 20:59:04
loto6,2116,2116-20260629-markov_chain-3,ベイズ推定,01-05-08-18-36-43,02-06-13-14-20-42,,01-05-08-18-36-43,02-06-13-14-20-42,01-05-08-18-36-43,0,ベイズ推定: 追加候補 02-06-13-14-20-42 を上位に残す / 除外候補 01-05-08-18-36-43 の重みを抑える / 奇数を2枠減らす条件 / 低数字を1枠増やす条件 / 高数字を1枠減らす条件 / 連番を1枠増やす条件 / 合計値を14程度下げる条件,ベイズ推定では、02-06-13-14-20-42を候補に残す条件と、01-05-08-18-36-43の過採用抑制を次回検証する,2026/07/02 20:59:04
loto6,2116,2116-20260629-markov_chain-3,モンテカルロシミュレーション,02-06-18-21-36-42,02-06-13-14-20-42,02-06-42,18-21-36,13-14-20,18-21-36,3,モンテカルロシミュレーション: 追加候補 13-14-20 を上位に残す / 除外候補 18-21-36 の重みを抑える / 低数字を1枠増やす条件 / 高数字を1枠減らす条件 / 連番を1枠増やす条件 / 同じ下一桁を1枠減らす条件 / 合計値を28程度下げる条件,モンテカルロシミュレーションでは、13-14-20を候補に残す条件と、18-21-36の過採用抑制を次回検証する,2026/07/02 20:59:04
loto6,2116,2116-20260629-markov_chain-3,機械学習モデル,06-08-18-28-36-43,02-06-13-14-20-42,06,08-18-28-36-43,02-13-14-20-42,08-18-28-36-43,1,機械学習モデル: 追加候補 02-13-14-20-42 を上位に残す / 除外候補 08-18-28-36-43 の重みを抑える / 低数字を2枠増やす条件 / 高数字を2枠減らす条件 / 連番を1枠増やす条件 / 同じ下一桁を1枠減らす条件 / 合計値を42程度下げる条件,機械学習モデルでは、02-13-14-20-42を候補に残す条件と、08-18-28-36-43の過採用抑制を次回検証する,2026/07/02 20:59:04
loto6,2116,2116-20260629-markov_chain-3,ランダム予測モデル,14-18-20-28-32-37,02-06-13-14-20-42,14-20,18-28-32-37,02-06-13-42,18-28-32-37,2,ランダム予測モデル: 追加候補 02-06-13-42 を上位に残す / 除外候補 18-28-32-37 の重みを抑える / 低数字を2枠増やす条件 / 高数字を2枠減らす条件 / 連番を1枠増やす条件 / 合計値を52程度下げる条件,ランダム予測モデルでは、02-06-13-42を候補に残す条件と、18-28-32-37の過採用抑制を次回検証する,2026/07/02 20:59:04
loto6,2116,2116-20260629-next_score_prediction-3,出現頻度分析,02-06-21-37-38-42,02-06-13-14-20-42,02-06-42,21-37-38,13-14-20,21-37-38,3,出現頻度分析: 追加候補 13-14-20 を上位に残す / 除外候補 21-37-38 の重みを抑える / 奇数を1枠減らす条件 / 低数字を2枠増やす条件 / 高数字を2枠減らす条件 / 合計値を49程度下げる条件,出現頻度分析では、13-14-20を候補に残す条件と、21-37-38の過採用抑制を次回検証する,2026/07/02 20:59:08
loto6,2116,2116-20260629-next_score_prediction-3,コールドナンバー分析,13-14-22-24-26-29,02-06-13-14-20-42,13-14,22-24-26-29,02-06-20-42,22-24-26-29,2,コールドナンバー分析: 追加候補 02-06-20-42 を上位に残す / 除外候補 22-24-26-29 の重みを抑える / 奇数を1枠減らす条件 / 低数字を3枠増やす条件 / 高数字を3枠減らす条件 / 合計値を31程度下げる条件,コールドナンバー分析では、02-06-20-42を候補に残す条件と、22-24-26-29の過採用抑制を次回検証する,2026/07/02 20:59:08
loto6,2116,2116-20260629-next_score_prediction-3,ホットナンバー分析,01-05-08-18-36-43,02-06-13-14-20-42,,01-05-08-18-36-43,02-06-13-14-20-42,01-05-08-18-36-43,0,ホットナンバー分析: 追加候補 02-06-13-14-20-42 を上位に残す / 除外候補 01-05-08-18-36-43 の重みを抑える / 奇数を2枠減らす条件 / 低数字を1枠増やす条件 / 高数字を1枠減らす条件 / 連番を1枠増やす条件 / 合計値を14程度下げる条件,ホットナンバー分析では、02-06-13-14-20-42を候補に残す条件と、01-05-08-18-36-43の過採用抑制を次回検証する,2026/07/02 20:59:08
loto6,2116,2116-20260629-next_score_prediction-3,奇数偶数分析,15-19-21-27-35-37,02-06-13-14-20-42,,15-19-21-27-35-37,02-06-13-14-20-42,15-19-21-27-35-37,0,奇数偶数分析: 追加候補 02-06-13-14-20-42 を上位に残す / 除外候補 15-19-21-27-35-37 の重みを抑える / 奇数を5枠減らす条件 / 低数字を2枠増やす条件 / 高数字を2枠減らす条件 / 連番を1枠増やす条件 / 同じ下一桁を1枠減らす条件 / 合計値を57程度下げる条件,奇数偶数分析では、02-06-13-14-20-42を候補に残す条件と、15-19-21-27-35-37の過採用抑制を次回検証する,2026/07/02 20:59:08
loto6,2116,2116-20260629-next_score_prediction-3,合計値分析,19-21-22-23-24-26,02-06-13-14-20-42,,19-21-22-23-24-26,02-06-13-14-20-42,19-21-22-23-24-26,0,合計値分析: 追加候補 02-06-13-14-20-42 を上位に残す / 除外候補 19-21-22-23-24-26 の重みを抑える / 奇数を2枠減らす条件 / 低数字を3枠増やす条件 / 高数字を3枠減らす条件 / 連番を2枠減らす条件 / 同じ下一桁を1枠増やす条件 / 合計値を38程度下げる条件,合計値分析では、02-06-13-14-20-42を候補に残す条件と、19-21-22-23-24-26の過採用抑制を次回検証する,2026/07/02 20:59:08
loto6,2116,2116-20260629-next_score_prediction-3,高低分析,34-36-38-40-42-43,02-06-13-14-20-42,42,34-36-38-40-43,02-06-13-14-20,34-36-38-40-43,1,高低分析: 追加候補 02-06-13-14-20 を上位に残す / 除外候補 34-36-38-40-43 の重みを抑える / 低数字を5枠増やす条件 / 高数字を5枠減らす条件 / 同じ下一桁を1枠増やす条件 / 合計値を136程度下げる条件,高低分析では、02-06-13-14-20を候補に残す条件と、34-36-38-40-43の過採用抑制を次回検証する,2026/07/02 20:59:08
loto6,2116,2116-20260629-next_score_prediction-3,連番分析,01-05-20-25-36-43,02-06-13-14-20-42,20,01-05-25-36-43,02-06-13-14-42,01-05-25-36-43,1,連番分析: 追加候補 02-06-13-14-42 を上位に残す / 除外候補 01-05-25-36-43 の重みを抑える / 奇数を3枠減らす条件 / 低数字を2枠増やす条件 / 高数字を2枠減らす条件 / 連番を1枠増やす条件 / 合計値を33程度下げる条件,連番分析では、02-06-13-14-42を候補に残す条件と、01-05-25-36-43の過採用抑制を次回検証する,2026/07/02 20:59:08
loto6,2116,2116-20260629-next_score_prediction-3,下一桁分析,06-08-18-26-28-38,02-06-13-14-20-42,06,08-18-26-28-38,02-13-14-20-42,08-18-26-28-38,1,下一桁分析: 追加候補 02-13-14-20-42 を上位に残す / 除外候補 08-18-26-28-38 の重みを抑える / 奇数を1枠増やす条件 / 低数字を2枠増やす条件 / 高数字を2枠減らす条件 / 連番を1枠増やす条件 / 同じ下一桁を1枠減らす条件 / 合計値を27程度下げる条件,下一桁分析では、02-13-14-20-42を候補に残す条件と、08-18-26-28-38の過採用抑制を次回検証する,2026/07/02 20:59:08
loto6,2116,2116-20260629-next_score_prediction-3,ペア分析,06-18-24-30-36-43,02-06-13-14-20-42,06,18-24-30-36-43,02-13-14-20-42,18-24-30-36-43,1,ペア分析: 追加候補 02-13-14-20-42 を上位に残す / 除外候補 18-24-30-36-43 の重みを抑える / 低数字を3枠増やす条件 / 高数字を3枠減らす条件 / 連番を1枠増やす条件 / 合計値を60程度下げる条件,ペア分析では、02-13-14-20-42を候補に残す条件と、18-24-30-36-43の過採用抑制を次回検証する,2026/07/02 20:59:08
loto6,2116,2116-20260629-next_score_prediction-3,トリプル分析,06-18-24-36-37-43,02-06-13-14-20-42,06,18-24-36-37-43,02-13-14-20-42,18-24-36-37-43,1,トリプル分析: 追加候補 02-13-14-20-42 を上位に残す / 除外候補 18-24-36-37-43 の重みを抑える / 奇数を1枠減らす条件 / 低数字を3枠増やす条件 / 高数字を3枠減らす条件 / 合計値を67程度下げる条件,トリプル分析では、02-13-14-20-42を候補に残す条件と、18-24-36-37-43の過採用抑制を次回検証する,2026/07/02 20:59:08
loto6,2116,2116-20260629-next_score_prediction-3,ボーナス数字分析,04-06-26-27-28-34,02-06-13-14-20-42,06,04-26-27-28-34,02-13-14-20-42,04-26-27-28-34,1,ボーナス数字分析: 追加候補 02-13-14-20-42 を上位に残す / 除外候補 04-26-27-28-34 の重みを抑える / 低数字を3枠増やす条件 / 高数字を3枠減らす条件 / 連番を1枠減らす条件 / 同じ下一桁を1枠減らす条件 / 合計値を28程度下げる条件,ボーナス数字分析では、02-13-14-20-42を候補に残す条件と、04-26-27-28-34の過採用抑制を次回検証する,2026/07/02 20:59:08
loto6,2116,2116-20260629-next_score_prediction-3,マルコフ連鎖,06-19-21-24-28-38,02-06-13-14-20-42,06,19-21-24-28-38,02-13-14-20-42,19-21-24-28-38,1,マルコフ連鎖: 追加候補 02-13-14-20-42 を上位に残す / 除外候補 19-21-24-28-38 の重みを抑える / 奇数を1枠減らす条件 / 低数字を2枠増やす条件 / 高数字を2枠減らす条件 / 連番を1枠増やす条件 / 合計値を39程度下げる条件,マルコフ連鎖では、02-13-14-20-42を候補に残す条件と、19-21-24-28-38の過採用抑制を次回検証する,2026/07/02 20:59:08
loto6,2116,2116-20260629-next_score_prediction-3,ベイズ推定,01-05-08-18-36-43,02-06-13-14-20-42,,01-05-08-18-36-43,02-06-13-14-20-42,01-05-08-18-36-43,0,ベイズ推定: 追加候補 02-06-13-14-20-42 を上位に残す / 除外候補 01-05-08-18-36-43 の重みを抑える / 奇数を2枠減らす条件 / 低数字を1枠増やす条件 / 高数字を1枠減らす条件 / 連番を1枠増やす条件 / 合計値を14程度下げる条件,ベイズ推定では、02-06-13-14-20-42を候補に残す条件と、01-05-08-18-36-43の過採用抑制を次回検証する,2026/07/02 20:59:08
loto6,2116,2116-20260629-next_score_prediction-3,モンテカルロシミュレーション,02-06-18-21-36-42,02-06-13-14-20-42,02-06-42,18-21-36,13-14-20,18-21-36,3,モンテカルロシミュレーション: 追加候補 13-14-20 を上位に残す / 除外候補 18-21-36 の重みを抑える / 低数字を1枠増やす条件 / 高数字を1枠減らす条件 / 連番を1枠増やす条件 / 同じ下一桁を1枠減らす条件 / 合計値を28程度下げる条件,モンテカルロシミュレーションでは、13-14-20を候補に残す条件と、18-21-36の過採用抑制を次回検証する,2026/07/02 20:59:08
loto6,2116,2116-20260629-next_score_prediction-3,機械学習モデル,06-08-18-28-36-43,02-06-13-14-20-42,06,08-18-28-36-43,02-13-14-20-42,08-18-28-36-43,1,機械学習モデル: 追加候補 02-13-14-20-42 を上位に残す / 除外候補 08-18-28-36-43 の重みを抑える / 低数字を2枠増やす条件 / 高数字を2枠減らす条件 / 連番を1枠増やす条件 / 同じ下一桁を1枠減らす条件 / 合計値を42程度下げる条件,機械学習モデルでは、02-13-14-20-42を候補に残す条件と、08-18-28-36-43の過採用抑制を次回検証する,2026/07/02 20:59:08
loto6,2116,2116-20260629-next_score_prediction-3,ランダム予測モデル,14-18-20-28-32-37,02-06-13-14-20-42,14-20,18-28-32-37,02-06-13-42,18-28-32-37,2,ランダム予測モデル: 追加候補 02-06-13-42 を上位に残す / 除外候補 18-28-32-37 の重みを抑える / 低数字を2枠増やす条件 / 高数字を2枠減らす条件 / 連番を1枠増やす条件 / 合計値を52程度下げる条件,ランダム予測モデルでは、02-06-13-42を候補に残す条件と、18-28-32-37の過採用抑制を次回検証する,2026/07/02 20:59:08
loto6,2116,2116-20260629-AI-3,出現頻度分析,02-06-21-37-38-42,02-06-13-14-20-42,02-06-42,21-37-38,13-14-20,21-37-38,3,出現頻度分析: 追加候補 13-14-20 を上位に残す / 除外候補 21-37-38 の重みを抑える / 奇数を1枠減らす条件 / 低数字を2枠増やす条件 / 高数字を2枠減らす条件 / 合計値を49程度下げる条件,出現頻度分析では、13-14-20を候補に残す条件と、21-37-38の過採用抑制を次回検証する,2026/07/02 20:59:12
loto6,2116,2116-20260629-AI-3,コールドナンバー分析,13-14-22-24-26-29,02-06-13-14-20-42,13-14,22-24-26-29,02-06-20-42,22-24-26-29,2,コールドナンバー分析: 追加候補 02-06-20-42 を上位に残す / 除外候補 22-24-26-29 の重みを抑える / 奇数を1枠減らす条件 / 低数字を3枠増やす条件 / 高数字を3枠減らす条件 / 合計値を31程度下げる条件,コールドナンバー分析では、02-06-20-42を候補に残す条件と、22-24-26-29の過採用抑制を次回検証する,2026/07/02 20:59:12
loto6,2116,2116-20260629-AI-3,ホットナンバー分析,01-05-08-18-36-43,02-06-13-14-20-42,,01-05-08-18-36-43,02-06-13-14-20-42,01-05-08-18-36-43,0,ホットナンバー分析: 追加候補 02-06-13-14-20-42 を上位に残す / 除外候補 01-05-08-18-36-43 の重みを抑える / 奇数を2枠減らす条件 / 低数字を1枠増やす条件 / 高数字を1枠減らす条件 / 連番を1枠増やす条件 / 合計値を14程度下げる条件,ホットナンバー分析では、02-06-13-14-20-42を候補に残す条件と、01-05-08-18-36-43の過採用抑制を次回検証する,2026/07/02 20:59:12
loto6,2116,2116-20260629-AI-3,奇数偶数分析,15-19-21-27-35-37,02-06-13-14-20-42,,15-19-21-27-35-37,02-06-13-14-20-42,15-19-21-27-35-37,0,奇数偶数分析: 追加候補 02-06-13-14-20-42 を上位に残す / 除外候補 15-19-21-27-35-37 の重みを抑える / 奇数を5枠減らす条件 / 低数字を2枠増やす条件 / 高数字を2枠減らす条件 / 連番を1枠増やす条件 / 同じ下一桁を1枠減らす条件 / 合計値を57程度下げる条件,奇数偶数分析では、02-06-13-14-20-42を候補に残す条件と、15-19-21-27-35-37の過採用抑制を次回検証する,2026/07/02 20:59:12
loto6,2116,2116-20260629-AI-3,合計値分析,19-21-22-23-24-26,02-06-13-14-20-42,,19-21-22-23-24-26,02-06-13-14-20-42,19-21-22-23-24-26,0,合計値分析: 追加候補 02-06-13-14-20-42 を上位に残す / 除外候補 19-21-22-23-24-26 の重みを抑える / 奇数を2枠減らす条件 / 低数字を3枠増やす条件 / 高数字を3枠減らす条件 / 連番を2枠減らす条件 / 同じ下一桁を1枠増やす条件 / 合計値を38程度下げる条件,合計値分析では、02-06-13-14-20-42を候補に残す条件と、19-21-22-23-24-26の過採用抑制を次回検証する,2026/07/02 20:59:12
loto6,2116,2116-20260629-AI-3,高低分析,34-36-38-40-42-43,02-06-13-14-20-42,42,34-36-38-40-43,02-06-13-14-20,34-36-38-40-43,1,高低分析: 追加候補 02-06-13-14-20 を上位に残す / 除外候補 34-36-38-40-43 の重みを抑える / 低数字を5枠増やす条件 / 高数字を5枠減らす条件 / 同じ下一桁を1枠増やす条件 / 合計値を136程度下げる条件,高低分析では、02-06-13-14-20を候補に残す条件と、34-36-38-40-43の過採用抑制を次回検証する,2026/07/02 20:59:12
loto6,2116,2116-20260629-AI-3,連番分析,01-05-20-25-36-43,02-06-13-14-20-42,20,01-05-25-36-43,02-06-13-14-42,01-05-25-36-43,1,連番分析: 追加候補 02-06-13-14-42 を上位に残す / 除外候補 01-05-25-36-43 の重みを抑える / 奇数を3枠減らす条件 / 低数字を2枠増やす条件 / 高数字を2枠減らす条件 / 連番を1枠増やす条件 / 合計値を33程度下げる条件,連番分析では、02-06-13-14-42を候補に残す条件と、01-05-25-36-43の過採用抑制を次回検証する,2026/07/02 20:59:12
loto6,2116,2116-20260629-AI-3,下一桁分析,06-08-18-26-28-38,02-06-13-14-20-42,06,08-18-26-28-38,02-13-14-20-42,08-18-26-28-38,1,下一桁分析: 追加候補 02-13-14-20-42 を上位に残す / 除外候補 08-18-26-28-38 の重みを抑える / 奇数を1枠増やす条件 / 低数字を2枠増やす条件 / 高数字を2枠減らす条件 / 連番を1枠増やす条件 / 同じ下一桁を1枠減らす条件 / 合計値を27程度下げる条件,下一桁分析では、02-13-14-20-42を候補に残す条件と、08-18-26-28-38の過採用抑制を次回検証する,2026/07/02 20:59:12
loto6,2116,2116-20260629-AI-3,ペア分析,06-18-24-30-36-43,02-06-13-14-20-42,06,18-24-30-36-43,02-13-14-20-42,18-24-30-36-43,1,ペア分析: 追加候補 02-13-14-20-42 を上位に残す / 除外候補 18-24-30-36-43 の重みを抑える / 低数字を3枠増やす条件 / 高数字を3枠減らす条件 / 連番を1枠増やす条件 / 合計値を60程度下げる条件,ペア分析では、02-13-14-20-42を候補に残す条件と、18-24-30-36-43の過採用抑制を次回検証する,2026/07/02 20:59:12
loto6,2116,2116-20260629-AI-3,トリプル分析,06-18-24-36-37-43,02-06-13-14-20-42,06,18-24-36-37-43,02-13-14-20-42,18-24-36-37-43,1,トリプル分析: 追加候補 02-13-14-20-42 を上位に残す / 除外候補 18-24-36-37-43 の重みを抑える / 奇数を1枠減らす条件 / 低数字を3枠増やす条件 / 高数字を3枠減らす条件 / 合計値を67程度下げる条件,トリプル分析では、02-13-14-20-42を候補に残す条件と、18-24-36-37-43の過採用抑制を次回検証する,2026/07/02 20:59:12
loto6,2116,2116-20260629-AI-3,ボーナス数字分析,04-06-26-27-28-34,02-06-13-14-20-42,06,04-26-27-28-34,02-13-14-20-42,04-26-27-28-34,1,ボーナス数字分析: 追加候補 02-13-14-20-42 を上位に残す / 除外候補 04-26-27-28-34 の重みを抑える / 低数字を3枠増やす条件 / 高数字を3枠減らす条件 / 連番を1枠減らす条件 / 同じ下一桁を1枠減らす条件 / 合計値を28程度下げる条件,ボーナス数字分析では、02-13-14-20-42を候補に残す条件と、04-26-27-28-34の過採用抑制を次回検証する,2026/07/02 20:59:12
loto6,2116,2116-20260629-AI-3,マルコフ連鎖,06-19-21-24-28-38,02-06-13-14-20-42,06,19-21-24-28-38,02-13-14-20-42,19-21-24-28-38,1,マルコフ連鎖: 追加候補 02-13-14-20-42 を上位に残す / 除外候補 19-21-24-28-38 の重みを抑える / 奇数を1枠減らす条件 / 低数字を2枠増やす条件 / 高数字を2枠減らす条件 / 連番を1枠増やす条件 / 合計値を39程度下げる条件,マルコフ連鎖では、02-13-14-20-42を候補に残す条件と、19-21-24-28-38の過採用抑制を次回検証する,2026/07/02 20:59:12
loto6,2116,2116-20260629-AI-3,ベイズ推定,01-05-08-18-36-43,02-06-13-14-20-42,,01-05-08-18-36-43,02-06-13-14-20-42,01-05-08-18-36-43,0,ベイズ推定: 追加候補 02-06-13-14-20-42 を上位に残す / 除外候補 01-05-08-18-36-43 の重みを抑える / 奇数を2枠減らす条件 / 低数字を1枠増やす条件 / 高数字を1枠減らす条件 / 連番を1枠増やす条件 / 合計値を14程度下げる条件,ベイズ推定では、02-06-13-14-20-42を候補に残す条件と、01-05-08-18-36-43の過採用抑制を次回検証する,2026/07/02 20:59:12
loto6,2116,2116-20260629-AI-3,モンテカルロシミュレーション,02-06-18-21-36-42,02-06-13-14-20-42,02-06-42,18-21-36,13-14-20,18-21-36,3,モンテカルロシミュレーション: 追加候補 13-14-20 を上位に残す / 除外候補 18-21-36 の重みを抑える / 低数字を1枠増やす条件 / 高数字を1枠減らす条件 / 連番を1枠増やす条件 / 同じ下一桁を1枠減らす条件 / 合計値を28程度下げる条件,モンテカルロシミュレーションでは、13-14-20を候補に残す条件と、18-21-36の過採用抑制を次回検証する,2026/07/02 20:59:12
loto6,2116,2116-20260629-AI-3,機械学習モデル,06-08-18-28-36-43,02-06-13-14-20-42,06,08-18-28-36-43,02-13-14-20-42,08-18-28-36-43,1,機械学習モデル: 追加候補 02-13-14-20-42 を上位に残す / 除外候補 08-18-28-36-43 の重みを抑える / 低数字を2枠増やす条件 / 高数字を2枠減らす条件 / 連番を1枠増やす条件 / 同じ下一桁を1枠減らす条件 / 合計値を42程度下げる条件,機械学習モデルでは、02-13-14-20-42を候補に残す条件と、08-18-28-36-43の過採用抑制を次回検証する,2026/07/02 20:59:12
loto6,2116,2116-20260629-AI-3,ランダム予測モデル,14-18-20-28-32-37,02-06-13-14-20-42,14-20,18-28-32-37,02-06-13-42,18-28-32-37,2,ランダム予測モデル: 追加候補 02-06-13-42 を上位に残す / 除外候補 18-28-32-37 の重みを抑える / 低数字を2枠増やす条件 / 高数字を2枠減らす条件 / 連番を1枠増やす条件 / 合計値を52程度下げる条件,ランダム予測モデルでは、02-06-13-42を候補に残す条件と、18-28-32-37の過採用抑制を次回検証する,2026/07/02 20:59:12
