研究所,予想ID,開催回,候補番号,予想数字,選出モデル,複数モデル一致,的中,寄与スコア,保存日時
ロト6研究所,2114-20260629-bayesian_estimation-1,2114,1,06,出現頻度分析,あり,なし,0.0,2026/06/29 22:48:49
ロト6研究所,2114-20260629-bayesian_estimation-1,2114,1,06,奇数偶数分析,あり,なし,0.0,2026/06/29 22:48:49
ロト6研究所,2114-20260629-bayesian_estimation-1,2114,1,06,高低分析,あり,なし,0.0,2026/06/29 22:48:49
ロト6研究所,2114-20260629-bayesian_estimation-1,2114,1,06,下一桁分析,あり,なし,0.0,2026/06/29 22:48:49
ロト6研究所,2114-20260629-bayesian_estimation-1,2114,1,06,ペア分析,あり,なし,0.0,2026/06/29 22:48:49
ロト6研究所,2114-20260629-bayesian_estimation-1,2114,1,06,トリプル分析,あり,なし,0.0,2026/06/29 22:48:49
ロト6研究所,2114-20260629-bayesian_estimation-1,2114,1,06,ボーナス数字分析,あり,なし,0.0,2026/06/29 22:48:49
ロト6研究所,2114-20260629-bayesian_estimation-1,2114,1,06,マルコフ連鎖,あり,なし,0.0,2026/06/29 22:48:49
ロト6研究所,2114-20260629-bayesian_estimation-1,2114,1,06,ベイズ推定,あり,なし,0.0,2026/06/29 22:48:49
ロト6研究所,2114-20260629-bayesian_estimation-1,2114,1,06,モンテカルロシミュレーション,あり,なし,0.0,2026/06/29 22:48:49
ロト6研究所,2114-20260629-bayesian_estimation-1,2114,1,06,機械学習モデル,あり,なし,0.0,2026/06/29 22:48:49
ロト6研究所,2114-20260629-bayesian_estimation-1,2114,1,08,ホットナンバー分析,あり,なし,0.0,2026/06/29 22:48:49
ロト6研究所,2114-20260629-bayesian_estimation-1,2114,1,08,高低分析,あり,なし,0.0,2026/06/29 22:48:49
ロト6研究所,2114-20260629-bayesian_estimation-1,2114,1,08,下一桁分析,あり,なし,0.0,2026/06/29 22:48:49
ロト6研究所,2114-20260629-bayesian_estimation-1,2114,1,08,ペア分析,あり,なし,0.0,2026/06/29 22:48:49
ロト6研究所,2114-20260629-bayesian_estimation-1,2114,1,08,トリプル分析,あり,なし,0.0,2026/06/29 22:48:49
ロト6研究所,2114-20260629-bayesian_estimation-1,2114,1,08,ベイズ推定,あり,なし,0.0,2026/06/29 22:48:49
ロト6研究所,2114-20260629-bayesian_estimation-1,2114,1,08,モンテカルロシミュレーション,あり,なし,0.0,2026/06/29 22:48:49
ロト6研究所,2114-20260629-bayesian_estimation-1,2114,1,08,機械学習モデル,あり,なし,0.0,2026/06/29 22:48:49
ロト6研究所,2114-20260629-bayesian_estimation-1,2114,1,18,ホットナンバー分析,あり,なし,0.0,2026/06/29 22:48:49
ロト6研究所,2114-20260629-bayesian_estimation-1,2114,1,18,奇数偶数分析,あり,なし,0.0,2026/06/29 22:48:49
ロト6研究所,2114-20260629-bayesian_estimation-1,2114,1,18,合計値分析,あり,なし,0.0,2026/06/29 22:48:49
ロト6研究所,2114-20260629-bayesian_estimation-1,2114,1,18,高低分析,あり,なし,0.0,2026/06/29 22:48:49
ロト6研究所,2114-20260629-bayesian_estimation-1,2114,1,18,連番分析,あり,なし,0.0,2026/06/29 22:48:49
ロト6研究所,2114-20260629-bayesian_estimation-1,2114,1,18,下一桁分析,あり,なし,0.0,2026/06/29 22:48:49
ロト6研究所,2114-20260629-bayesian_estimation-1,2114,1,18,ペア分析,あり,なし,0.0,2026/06/29 22:48:49
ロト6研究所,2114-20260629-bayesian_estimation-1,2114,1,18,トリプル分析,あり,なし,0.0,2026/06/29 22:48:49
ロト6研究所,2114-20260629-bayesian_estimation-1,2114,1,18,ベイズ推定,あり,なし,0.0,2026/06/29 22:48:49
ロト6研究所,2114-20260629-bayesian_estimation-1,2114,1,18,機械学習モデル,あり,なし,0.0,2026/06/29 22:48:49
ロト6研究所,2114-20260629-bayesian_estimation-1,2114,1,27,出現頻度分析,あり,なし,0.0,2026/06/29 22:48:49
ロト6研究所,2114-20260629-bayesian_estimation-1,2114,1,27,ホットナンバー分析,あり,なし,0.0,2026/06/29 22:48:49
ロト6研究所,2114-20260629-bayesian_estimation-1,2114,1,27,合計値分析,あり,なし,0.0,2026/06/29 22:48:49
ロト6研究所,2114-20260629-bayesian_estimation-1,2114,1,27,高低分析,あり,なし,0.0,2026/06/29 22:48:49
ロト6研究所,2114-20260629-bayesian_estimation-1,2114,1,27,連番分析,あり,なし,0.0,2026/06/29 22:48:49
ロト6研究所,2114-20260629-bayesian_estimation-1,2114,1,27,下一桁分析,あり,なし,0.0,2026/06/29 22:48:49
ロト6研究所,2114-20260629-bayesian_estimation-1,2114,1,27,ペア分析,あり,なし,0.0,2026/06/29 22:48:49
ロト6研究所,2114-20260629-bayesian_estimation-1,2114,1,27,ボーナス数字分析,あり,なし,0.0,2026/06/29 22:48:49
ロト6研究所,2114-20260629-bayesian_estimation-1,2114,1,27,マルコフ連鎖,あり,なし,0.0,2026/06/29 22:48:49
ロト6研究所,2114-20260629-bayesian_estimation-1,2114,1,27,ベイズ推定,あり,なし,0.0,2026/06/29 22:48:49
ロト6研究所,2114-20260629-bayesian_estimation-1,2114,1,27,モンテカルロシミュレーション,あり,なし,0.0,2026/06/29 22:48:49
ロト6研究所,2114-20260629-bayesian_estimation-1,2114,1,27,機械学習モデル,あり,なし,0.0,2026/06/29 22:48:49
ロト6研究所,2114-20260629-bayesian_estimation-1,2114,1,36,ホットナンバー分析,あり,なし,0.0,2026/06/29 22:48:49
ロト6研究所,2114-20260629-bayesian_estimation-1,2114,1,36,奇数偶数分析,あり,なし,0.0,2026/06/29 22:48:49
ロト6研究所,2114-20260629-bayesian_estimation-1,2114,1,36,連番分析,あり,なし,0.0,2026/06/29 22:48:49
ロト6研究所,2114-20260629-bayesian_estimation-1,2114,1,36,下一桁分析,あり,なし,0.0,2026/06/29 22:48:49
ロト6研究所,2114-20260629-bayesian_estimation-1,2114,1,36,ペア分析,あり,なし,0.0,2026/06/29 22:48:49
ロト6研究所,2114-20260629-bayesian_estimation-1,2114,1,36,トリプル分析,あり,なし,0.0,2026/06/29 22:48:49
ロト6研究所,2114-20260629-bayesian_estimation-1,2114,1,36,マルコフ連鎖,あり,なし,0.0,2026/06/29 22:48:49
ロト6研究所,2114-20260629-bayesian_estimation-1,2114,1,36,ベイズ推定,あり,なし,0.0,2026/06/29 22:48:49
ロト6研究所,2114-20260629-bayesian_estimation-1,2114,1,36,機械学習モデル,あり,なし,0.0,2026/06/29 22:48:49
ロト6研究所,2114-20260629-bayesian_estimation-1,2114,1,36,ランダム予測モデル,あり,なし,0.0,2026/06/29 22:48:49
ロト6研究所,2114-20260629-bayesian_estimation-1,2114,1,43,ホットナンバー分析,あり,なし,0.0,2026/06/29 22:48:49
ロト6研究所,2114-20260629-bayesian_estimation-1,2114,1,43,連番分析,あり,なし,0.0,2026/06/29 22:48:49
ロト6研究所,2114-20260629-bayesian_estimation-1,2114,1,43,ペア分析,あり,なし,0.0,2026/06/29 22:48:49
ロト6研究所,2114-20260629-bayesian_estimation-1,2114,1,43,トリプル分析,あり,なし,0.0,2026/06/29 22:48:49
ロト6研究所,2114-20260629-bayesian_estimation-1,2114,1,43,ボーナス数字分析,あり,なし,0.0,2026/06/29 22:48:49
ロト6研究所,2114-20260629-bayesian_estimation-1,2114,1,43,ベイズ推定,あり,なし,0.0,2026/06/29 22:48:49
ロト6研究所,2114-20260629-bayesian_estimation-1,2114,1,43,モンテカルロシミュレーション,あり,なし,0.0,2026/06/29 22:48:49
ロト6研究所,2114-20260629-bayesian_estimation-1,2114,1,43,機械学習モデル,あり,なし,0.0,2026/06/29 22:48:49
ロト6研究所,2114-20260629-bayesian_estimation-2,2114,2,06,出現頻度分析,あり,なし,0.0,2026/06/29 22:48:53
ロト6研究所,2114-20260629-bayesian_estimation-2,2114,2,06,奇数偶数分析,あり,なし,0.0,2026/06/29 22:48:53
ロト6研究所,2114-20260629-bayesian_estimation-2,2114,2,06,高低分析,あり,なし,0.0,2026/06/29 22:48:53
ロト6研究所,2114-20260629-bayesian_estimation-2,2114,2,06,下一桁分析,あり,なし,0.0,2026/06/29 22:48:53
ロト6研究所,2114-20260629-bayesian_estimation-2,2114,2,06,ペア分析,あり,なし,0.0,2026/06/29 22:48:53
ロト6研究所,2114-20260629-bayesian_estimation-2,2114,2,06,トリプル分析,あり,なし,0.0,2026/06/29 22:48:53
ロト6研究所,2114-20260629-bayesian_estimation-2,2114,2,06,ボーナス数字分析,あり,なし,0.0,2026/06/29 22:48:53
ロト6研究所,2114-20260629-bayesian_estimation-2,2114,2,06,マルコフ連鎖,あり,なし,0.0,2026/06/29 22:48:53
ロト6研究所,2114-20260629-bayesian_estimation-2,2114,2,06,ベイズ推定,あり,なし,0.0,2026/06/29 22:48:53
ロト6研究所,2114-20260629-bayesian_estimation-2,2114,2,06,モンテカルロシミュレーション,あり,なし,0.0,2026/06/29 22:48:53
ロト6研究所,2114-20260629-bayesian_estimation-2,2114,2,06,機械学習モデル,あり,なし,0.0,2026/06/29 22:48:53
ロト6研究所,2114-20260629-bayesian_estimation-2,2114,2,08,ホットナンバー分析,あり,なし,0.0,2026/06/29 22:48:53
ロト6研究所,2114-20260629-bayesian_estimation-2,2114,2,08,高低分析,あり,なし,0.0,2026/06/29 22:48:53
ロト6研究所,2114-20260629-bayesian_estimation-2,2114,2,08,下一桁分析,あり,なし,0.0,2026/06/29 22:48:53
ロト6研究所,2114-20260629-bayesian_estimation-2,2114,2,08,ペア分析,あり,なし,0.0,2026/06/29 22:48:53
ロト6研究所,2114-20260629-bayesian_estimation-2,2114,2,08,トリプル分析,あり,なし,0.0,2026/06/29 22:48:53
ロト6研究所,2114-20260629-bayesian_estimation-2,2114,2,08,ベイズ推定,あり,なし,0.0,2026/06/29 22:48:53
ロト6研究所,2114-20260629-bayesian_estimation-2,2114,2,08,モンテカルロシミュレーション,あり,なし,0.0,2026/06/29 22:48:53
ロト6研究所,2114-20260629-bayesian_estimation-2,2114,2,08,機械学習モデル,あり,なし,0.0,2026/06/29 22:48:53
ロト6研究所,2114-20260629-bayesian_estimation-2,2114,2,21,出現頻度分析,あり,あり,0.1111,2026/06/29 22:48:53
ロト6研究所,2114-20260629-bayesian_estimation-2,2114,2,21,コールドナンバー分析,あり,あり,0.1111,2026/06/29 22:48:53
ロト6研究所,2114-20260629-bayesian_estimation-2,2114,2,21,ホットナンバー分析,あり,あり,0.1111,2026/06/29 22:48:53
ロト6研究所,2114-20260629-bayesian_estimation-2,2114,2,21,合計値分析,あり,あり,0.1111,2026/06/29 22:48:53
ロト6研究所,2114-20260629-bayesian_estimation-2,2114,2,21,高低分析,あり,あり,0.1111,2026/06/29 22:48:53
ロト6研究所,2114-20260629-bayesian_estimation-2,2114,2,21,マルコフ連鎖,あり,あり,0.1111,2026/06/29 22:48:53
ロト6研究所,2114-20260629-bayesian_estimation-2,2114,2,21,ベイズ推定,あり,あり,0.1111,2026/06/29 22:48:53
ロト6研究所,2114-20260629-bayesian_estimation-2,2114,2,21,モンテカルロシミュレーション,あり,あり,0.1111,2026/06/29 22:48:53
ロト6研究所,2114-20260629-bayesian_estimation-2,2114,2,21,機械学習モデル,あり,あり,0.1111,2026/06/29 22:48:53
ロト6研究所,2114-20260629-bayesian_estimation-2,2114,2,28,ホットナンバー分析,あり,なし,0.0,2026/06/29 22:48:53
ロト6研究所,2114-20260629-bayesian_estimation-2,2114,2,28,奇数偶数分析,あり,なし,0.0,2026/06/29 22:48:53
ロト6研究所,2114-20260629-bayesian_estimation-2,2114,2,28,合計値分析,あり,なし,0.0,2026/06/29 22:48:53
ロト6研究所,2114-20260629-bayesian_estimation-2,2114,2,28,高低分析,あり,なし,0.0,2026/06/29 22:48:53
ロト6研究所,2114-20260629-bayesian_estimation-2,2114,2,28,連番分析,あり,なし,0.0,2026/06/29 22:48:53
ロト6研究所,2114-20260629-bayesian_estimation-2,2114,2,28,下一桁分析,あり,なし,0.0,2026/06/29 22:48:53
ロト6研究所,2114-20260629-bayesian_estimation-2,2114,2,28,ペア分析,あり,なし,0.0,2026/06/29 22:48:53
ロト6研究所,2114-20260629-bayesian_estimation-2,2114,2,28,トリプル分析,あり,なし,0.0,2026/06/29 22:48:53
ロト6研究所,2114-20260629-bayesian_estimation-2,2114,2,28,ボーナス数字分析,あり,なし,0.0,2026/06/29 22:48:53
ロト6研究所,2114-20260629-bayesian_estimation-2,2114,2,28,ベイズ推定,あり,なし,0.0,2026/06/29 22:48:53
ロト6研究所,2114-20260629-bayesian_estimation-2,2114,2,28,機械学習モデル,あり,なし,0.0,2026/06/29 22:48:53
ロト6研究所,2114-20260629-bayesian_estimation-2,2114,2,28,ランダム予測モデル,あり,なし,0.0,2026/06/29 22:48:53
ロト6研究所,2114-20260629-bayesian_estimation-2,2114,2,37,出現頻度分析,あり,なし,0.0,2026/06/29 22:48:53
ロト6研究所,2114-20260629-bayesian_estimation-2,2114,2,37,下一桁分析,あり,なし,0.0,2026/06/29 22:48:53
ロト6研究所,2114-20260629-bayesian_estimation-2,2114,2,37,ペア分析,あり,なし,0.0,2026/06/29 22:48:53
ロト6研究所,2114-20260629-bayesian_estimation-2,2114,2,37,トリプル分析,あり,なし,0.0,2026/06/29 22:48:53
ロト6研究所,2114-20260629-bayesian_estimation-2,2114,2,37,機械学習モデル,あり,なし,0.0,2026/06/29 22:48:53
ロト6研究所,2114-20260629-bayesian_estimation-2,2114,2,37,ベイズ推定,あり,なし,0.0,2026/06/29 22:48:53
ロト6研究所,2114-20260629-bayesian_estimation-2,2114,2,43,ホットナンバー分析,あり,なし,0.0,2026/06/29 22:48:53
ロト6研究所,2114-20260629-bayesian_estimation-2,2114,2,43,連番分析,あり,なし,0.0,2026/06/29 22:48:53
ロト6研究所,2114-20260629-bayesian_estimation-2,2114,2,43,ペア分析,あり,なし,0.0,2026/06/29 22:48:53
ロト6研究所,2114-20260629-bayesian_estimation-2,2114,2,43,トリプル分析,あり,なし,0.0,2026/06/29 22:48:53
ロト6研究所,2114-20260629-bayesian_estimation-2,2114,2,43,ボーナス数字分析,あり,なし,0.0,2026/06/29 22:48:53
ロト6研究所,2114-20260629-bayesian_estimation-2,2114,2,43,ベイズ推定,あり,なし,0.0,2026/06/29 22:48:53
ロト6研究所,2114-20260629-bayesian_estimation-2,2114,2,43,モンテカルロシミュレーション,あり,なし,0.0,2026/06/29 22:48:53
ロト6研究所,2114-20260629-bayesian_estimation-2,2114,2,43,機械学習モデル,あり,なし,0.0,2026/06/29 22:48:53
ロト6研究所,2114-20260629-bayesian_estimation-3,2114,3,05,ホットナンバー分析,あり,なし,0.0,2026/06/29 22:48:56
ロト6研究所,2114-20260629-bayesian_estimation-3,2114,3,05,高低分析,あり,なし,0.0,2026/06/29 22:48:56
ロト6研究所,2114-20260629-bayesian_estimation-3,2114,3,05,連番分析,あり,なし,0.0,2026/06/29 22:48:56
ロト6研究所,2114-20260629-bayesian_estimation-3,2114,3,05,トリプル分析,あり,なし,0.0,2026/06/29 22:48:56
ロト6研究所,2114-20260629-bayesian_estimation-3,2114,3,05,ベイズ推定,あり,なし,0.0,2026/06/29 22:48:56
ロト6研究所,2114-20260629-bayesian_estimation-3,2114,3,05,モンテカルロシミュレーション,あり,なし,0.0,2026/06/29 22:48:56
ロト6研究所,2114-20260629-bayesian_estimation-3,2114,3,06,出現頻度分析,あり,なし,0.0,2026/06/29 22:48:56
ロト6研究所,2114-20260629-bayesian_estimation-3,2114,3,06,奇数偶数分析,あり,なし,0.0,2026/06/29 22:48:56
ロト6研究所,2114-20260629-bayesian_estimation-3,2114,3,06,高低分析,あり,なし,0.0,2026/06/29 22:48:56
ロト6研究所,2114-20260629-bayesian_estimation-3,2114,3,06,下一桁分析,あり,なし,0.0,2026/06/29 22:48:56
ロト6研究所,2114-20260629-bayesian_estimation-3,2114,3,06,ペア分析,あり,なし,0.0,2026/06/29 22:48:56
ロト6研究所,2114-20260629-bayesian_estimation-3,2114,3,06,トリプル分析,あり,なし,0.0,2026/06/29 22:48:56
ロト6研究所,2114-20260629-bayesian_estimation-3,2114,3,06,ボーナス数字分析,あり,なし,0.0,2026/06/29 22:48:56
ロト6研究所,2114-20260629-bayesian_estimation-3,2114,3,06,マルコフ連鎖,あり,なし,0.0,2026/06/29 22:48:56
ロト6研究所,2114-20260629-bayesian_estimation-3,2114,3,06,ベイズ推定,あり,なし,0.0,2026/06/29 22:48:56
ロト6研究所,2114-20260629-bayesian_estimation-3,2114,3,06,モンテカルロシミュレーション,あり,なし,0.0,2026/06/29 22:48:56
ロト6研究所,2114-20260629-bayesian_estimation-3,2114,3,06,機械学習モデル,あり,なし,0.0,2026/06/29 22:48:56
ロト6研究所,2114-20260629-bayesian_estimation-3,2114,3,08,ホットナンバー分析,あり,なし,0.0,2026/06/29 22:48:56
ロト6研究所,2114-20260629-bayesian_estimation-3,2114,3,08,高低分析,あり,なし,0.0,2026/06/29 22:48:56
ロト6研究所,2114-20260629-bayesian_estimation-3,2114,3,08,下一桁分析,あり,なし,0.0,2026/06/29 22:48:56
ロト6研究所,2114-20260629-bayesian_estimation-3,2114,3,08,ペア分析,あり,なし,0.0,2026/06/29 22:48:56
ロト6研究所,2114-20260629-bayesian_estimation-3,2114,3,08,トリプル分析,あり,なし,0.0,2026/06/29 22:48:56
ロト6研究所,2114-20260629-bayesian_estimation-3,2114,3,08,ベイズ推定,あり,なし,0.0,2026/06/29 22:48:56
ロト6研究所,2114-20260629-bayesian_estimation-3,2114,3,08,モンテカルロシミュレーション,あり,なし,0.0,2026/06/29 22:48:56
ロト6研究所,2114-20260629-bayesian_estimation-3,2114,3,08,機械学習モデル,あり,なし,0.0,2026/06/29 22:48:56
ロト6研究所,2114-20260629-bayesian_estimation-3,2114,3,24,出現頻度分析,あり,なし,0.0,2026/06/29 22:48:56
ロト6研究所,2114-20260629-bayesian_estimation-3,2114,3,24,コールドナンバー分析,あり,なし,0.0,2026/06/29 22:48:56
ロト6研究所,2114-20260629-bayesian_estimation-3,2114,3,24,奇数偶数分析,あり,なし,0.0,2026/06/29 22:48:56
ロト6研究所,2114-20260629-bayesian_estimation-3,2114,3,24,合計値分析,あり,なし,0.0,2026/06/29 22:48:56
ロト6研究所,2114-20260629-bayesian_estimation-3,2114,3,24,ペア分析,あり,なし,0.0,2026/06/29 22:48:56
ロト6研究所,2114-20260629-bayesian_estimation-3,2114,3,24,トリプル分析,あり,なし,0.0,2026/06/29 22:48:56
ロト6研究所,2114-20260629-bayesian_estimation-3,2114,3,24,マルコフ連鎖,あり,なし,0.0,2026/06/29 22:48:56
ロト6研究所,2114-20260629-bayesian_estimation-3,2114,3,24,モンテカルロシミュレーション,あり,なし,0.0,2026/06/29 22:48:56
ロト6研究所,2114-20260629-bayesian_estimation-3,2114,3,24,機械学習モデル,あり,なし,0.0,2026/06/29 22:48:56
ロト6研究所,2114-20260629-bayesian_estimation-3,2114,3,24,ベイズ推定,あり,なし,0.0,2026/06/29 22:48:56
ロト6研究所,2114-20260629-bayesian_estimation-3,2114,3,38,出現頻度分析,あり,なし,0.0,2026/06/29 22:48:56
ロト6研究所,2114-20260629-bayesian_estimation-3,2114,3,38,ホットナンバー分析,あり,なし,0.0,2026/06/29 22:48:56
ロト6研究所,2114-20260629-bayesian_estimation-3,2114,3,38,奇数偶数分析,あり,なし,0.0,2026/06/29 22:48:56
ロト6研究所,2114-20260629-bayesian_estimation-3,2114,3,38,連番分析,あり,なし,0.0,2026/06/29 22:48:56
ロト6研究所,2114-20260629-bayesian_estimation-3,2114,3,38,下一桁分析,あり,なし,0.0,2026/06/29 22:48:56
ロト6研究所,2114-20260629-bayesian_estimation-3,2114,3,38,ペア分析,あり,なし,0.0,2026/06/29 22:48:56
ロト6研究所,2114-20260629-bayesian_estimation-3,2114,3,38,マルコフ連鎖,あり,なし,0.0,2026/06/29 22:48:56
ロト6研究所,2114-20260629-bayesian_estimation-3,2114,3,38,ベイズ推定,あり,なし,0.0,2026/06/29 22:48:56
ロト6研究所,2114-20260629-bayesian_estimation-3,2114,3,38,モンテカルロシミュレーション,あり,なし,0.0,2026/06/29 22:48:56
ロト6研究所,2114-20260629-bayesian_estimation-3,2114,3,38,機械学習モデル,あり,なし,0.0,2026/06/29 22:48:56
ロト6研究所,2114-20260629-bayesian_estimation-3,2114,3,43,ホットナンバー分析,あり,なし,0.0,2026/06/29 22:48:56
ロト6研究所,2114-20260629-bayesian_estimation-3,2114,3,43,連番分析,あり,なし,0.0,2026/06/29 22:48:56
ロト6研究所,2114-20260629-bayesian_estimation-3,2114,3,43,ペア分析,あり,なし,0.0,2026/06/29 22:48:56
ロト6研究所,2114-20260629-bayesian_estimation-3,2114,3,43,トリプル分析,あり,なし,0.0,2026/06/29 22:48:56
ロト6研究所,2114-20260629-bayesian_estimation-3,2114,3,43,ボーナス数字分析,あり,なし,0.0,2026/06/29 22:48:56
ロト6研究所,2114-20260629-bayesian_estimation-3,2114,3,43,ベイズ推定,あり,なし,0.0,2026/06/29 22:48:56
ロト6研究所,2114-20260629-bayesian_estimation-3,2114,3,43,モンテカルロシミュレーション,あり,なし,0.0,2026/06/29 22:48:56
ロト6研究所,2114-20260629-bayesian_estimation-3,2114,3,43,機械学習モデル,あり,なし,0.0,2026/06/29 22:48:56
ロト6研究所,2115-20260629-bayesian_estimation-1,2115,1,05,ホットナンバー分析,あり,なし,0.0,2026/06/29 22:49:00
ロト6研究所,2115-20260629-bayesian_estimation-1,2115,1,05,連番分析,あり,なし,0.0,2026/06/29 22:49:00
ロト6研究所,2115-20260629-bayesian_estimation-1,2115,1,05,トリプル分析,あり,なし,0.0,2026/06/29 22:49:00
ロト6研究所,2115-20260629-bayesian_estimation-1,2115,1,05,ベイズ推定,あり,なし,0.0,2026/06/29 22:49:00
ロト6研究所,2115-20260629-bayesian_estimation-1,2115,1,05,モンテカルロシミュレーション,あり,なし,0.0,2026/06/29 22:49:00
ロト6研究所,2115-20260629-bayesian_estimation-1,2115,1,05,ランダム予測モデル,あり,なし,0.0,2026/06/29 22:49:00
ロト6研究所,2115-20260629-bayesian_estimation-1,2115,1,08,ホットナンバー分析,あり,なし,0.0,2026/06/29 22:49:00
ロト6研究所,2115-20260629-bayesian_estimation-1,2115,1,08,高低分析,あり,なし,0.0,2026/06/29 22:49:00
ロト6研究所,2115-20260629-bayesian_estimation-1,2115,1,08,下一桁分析,あり,なし,0.0,2026/06/29 22:49:00
ロト6研究所,2115-20260629-bayesian_estimation-1,2115,1,08,ペア分析,あり,なし,0.0,2026/06/29 22:49:00
ロト6研究所,2115-20260629-bayesian_estimation-1,2115,1,08,トリプル分析,あり,なし,0.0,2026/06/29 22:49:00
ロト6研究所,2115-20260629-bayesian_estimation-1,2115,1,08,ベイズ推定,あり,なし,0.0,2026/06/29 22:49:00
ロト6研究所,2115-20260629-bayesian_estimation-1,2115,1,08,機械学習モデル,あり,なし,0.0,2026/06/29 22:49:00
ロト6研究所,2115-20260629-bayesian_estimation-1,2115,1,08,ランダム予測モデル,あり,なし,0.0,2026/06/29 22:49:00
ロト6研究所,2115-20260629-bayesian_estimation-1,2115,1,18,ホットナンバー分析,あり,なし,0.0,2026/06/29 22:49:00
ロト6研究所,2115-20260629-bayesian_estimation-1,2115,1,18,奇数偶数分析,あり,なし,0.0,2026/06/29 22:49:00
ロト6研究所,2115-20260629-bayesian_estimation-1,2115,1,18,合計値分析,あり,なし,0.0,2026/06/29 22:49:00
ロト6研究所,2115-20260629-bayesian_estimation-1,2115,1,18,連番分析,あり,なし,0.0,2026/06/29 22:49:00
ロト6研究所,2115-20260629-bayesian_estimation-1,2115,1,18,下一桁分析,あり,なし,0.0,2026/06/29 22:49:00
ロト6研究所,2115-20260629-bayesian_estimation-1,2115,1,18,ペア分析,あり,なし,0.0,2026/06/29 22:49:00
ロト6研究所,2115-20260629-bayesian_estimation-1,2115,1,18,トリプル分析,あり,なし,0.0,2026/06/29 22:49:00
ロト6研究所,2115-20260629-bayesian_estimation-1,2115,1,18,マルコフ連鎖,あり,なし,0.0,2026/06/29 22:49:00
ロト6研究所,2115-20260629-bayesian_estimation-1,2115,1,18,ベイズ推定,あり,なし,0.0,2026/06/29 22:49:00
ロト6研究所,2115-20260629-bayesian_estimation-1,2115,1,18,モンテカルロシミュレーション,あり,なし,0.0,2026/06/29 22:49:00
ロト6研究所,2115-20260629-bayesian_estimation-1,2115,1,18,機械学習モデル,あり,なし,0.0,2026/06/29 22:49:00
ロト6研究所,2115-20260629-bayesian_estimation-1,2115,1,21,出現頻度分析,あり,なし,0.0,2026/06/29 22:49:00
ロト6研究所,2115-20260629-bayesian_estimation-1,2115,1,21,ホットナンバー分析,あり,なし,0.0,2026/06/29 22:49:00
ロト6研究所,2115-20260629-bayesian_estimation-1,2115,1,21,合計値分析,あり,なし,0.0,2026/06/29 22:49:00
ロト6研究所,2115-20260629-bayesian_estimation-1,2115,1,21,トリプル分析,あり,なし,0.0,2026/06/29 22:49:00
ロト6研究所,2115-20260629-bayesian_estimation-1,2115,1,21,マルコフ連鎖,あり,なし,0.0,2026/06/29 22:49:00
ロト6研究所,2115-20260629-bayesian_estimation-1,2115,1,21,ベイズ推定,あり,なし,0.0,2026/06/29 22:49:00
ロト6研究所,2115-20260629-bayesian_estimation-1,2115,1,21,モンテカルロシミュレーション,あり,なし,0.0,2026/06/29 22:49:00
ロト6研究所,2115-20260629-bayesian_estimation-1,2115,1,21,機械学習モデル,あり,なし,0.0,2026/06/29 22:49:00
ロト6研究所,2115-20260629-bayesian_estimation-1,2115,1,36,ホットナンバー分析,あり,なし,0.0,2026/06/29 22:49:00
ロト6研究所,2115-20260629-bayesian_estimation-1,2115,1,36,奇数偶数分析,あり,なし,0.0,2026/06/29 22:49:00
ロト6研究所,2115-20260629-bayesian_estimation-1,2115,1,36,高低分析,あり,なし,0.0,2026/06/29 22:49:00
ロト6研究所,2115-20260629-bayesian_estimation-1,2115,1,36,連番分析,あり,なし,0.0,2026/06/29 22:49:00
ロト6研究所,2115-20260629-bayesian_estimation-1,2115,1,36,下一桁分析,あり,なし,0.0,2026/06/29 22:49:00
ロト6研究所,2115-20260629-bayesian_estimation-1,2115,1,36,ペア分析,あり,なし,0.0,2026/06/29 22:49:00
ロト6研究所,2115-20260629-bayesian_estimation-1,2115,1,36,トリプル分析,あり,なし,0.0,2026/06/29 22:49:00
ロト6研究所,2115-20260629-bayesian_estimation-1,2115,1,36,ベイズ推定,あり,なし,0.0,2026/06/29 22:49:00
ロト6研究所,2115-20260629-bayesian_estimation-1,2115,1,36,機械学習モデル,あり,なし,0.0,2026/06/29 22:49:00
ロト6研究所,2115-20260629-bayesian_estimation-1,2115,1,43,ホットナンバー分析,あり,なし,0.0,2026/06/29 22:49:00
ロト6研究所,2115-20260629-bayesian_estimation-1,2115,1,43,高低分析,あり,なし,0.0,2026/06/29 22:49:00
ロト6研究所,2115-20260629-bayesian_estimation-1,2115,1,43,連番分析,あり,なし,0.0,2026/06/29 22:49:00
ロト6研究所,2115-20260629-bayesian_estimation-1,2115,1,43,下一桁分析,あり,なし,0.0,2026/06/29 22:49:00
ロト6研究所,2115-20260629-bayesian_estimation-1,2115,1,43,ペア分析,あり,なし,0.0,2026/06/29 22:49:00
ロト6研究所,2115-20260629-bayesian_estimation-1,2115,1,43,トリプル分析,あり,なし,0.0,2026/06/29 22:49:00
ロト6研究所,2115-20260629-bayesian_estimation-1,2115,1,43,ボーナス数字分析,あり,なし,0.0,2026/06/29 22:49:00
ロト6研究所,2115-20260629-bayesian_estimation-1,2115,1,43,マルコフ連鎖,あり,なし,0.0,2026/06/29 22:49:00
ロト6研究所,2115-20260629-bayesian_estimation-1,2115,1,43,ベイズ推定,あり,なし,0.0,2026/06/29 22:49:00
ロト6研究所,2115-20260629-bayesian_estimation-1,2115,1,43,モンテカルロシミュレーション,あり,なし,0.0,2026/06/29 22:49:00
ロト6研究所,2115-20260629-bayesian_estimation-1,2115,1,43,機械学習モデル,あり,なし,0.0,2026/06/29 22:49:00
ロト6研究所,2115-20260629-bayesian_estimation-1,2115,1,43,ランダム予測モデル,あり,なし,0.0,2026/06/29 22:49:00
ロト6研究所,2115-20260629-bayesian_estimation-2,2115,2,02,出現頻度分析,あり,なし,0.0,2026/06/29 22:49:04
ロト6研究所,2115-20260629-bayesian_estimation-2,2115,2,02,ホットナンバー分析,あり,なし,0.0,2026/06/29 22:49:04
ロト6研究所,2115-20260629-bayesian_estimation-2,2115,2,02,奇数偶数分析,あり,なし,0.0,2026/06/29 22:49:04
ロト6研究所,2115-20260629-bayesian_estimation-2,2115,2,02,ベイズ推定,あり,なし,0.0,2026/06/29 22:49:04
ロト6研究所,2115-20260629-bayesian_estimation-2,2115,2,02,モンテカルロシミュレーション,あり,なし,0.0,2026/06/29 22:49:04
ロト6研究所,2115-20260629-bayesian_estimation-2,2115,2,02,機械学習モデル,あり,なし,0.0,2026/06/29 22:49:04
ロト6研究所,2115-20260629-bayesian_estimation-2,2115,2,02,ランダム予測モデル,あり,なし,0.0,2026/06/29 22:49:04
ロト6研究所,2115-20260629-bayesian_estimation-2,2115,2,05,ホットナンバー分析,あり,なし,0.0,2026/06/29 22:49:04
ロト6研究所,2115-20260629-bayesian_estimation-2,2115,2,05,連番分析,あり,なし,0.0,2026/06/29 22:49:04
ロト6研究所,2115-20260629-bayesian_estimation-2,2115,2,05,トリプル分析,あり,なし,0.0,2026/06/29 22:49:04
ロト6研究所,2115-20260629-bayesian_estimation-2,2115,2,05,ベイズ推定,あり,なし,0.0,2026/06/29 22:49:04
ロト6研究所,2115-20260629-bayesian_estimation-2,2115,2,05,モンテカルロシミュレーション,あり,なし,0.0,2026/06/29 22:49:04
ロト6研究所,2115-20260629-bayesian_estimation-2,2115,2,05,ランダム予測モデル,あり,なし,0.0,2026/06/29 22:49:04
ロト6研究所,2115-20260629-bayesian_estimation-2,2115,2,08,ホットナンバー分析,あり,なし,0.0,2026/06/29 22:49:04
ロト6研究所,2115-20260629-bayesian_estimation-2,2115,2,08,高低分析,あり,なし,0.0,2026/06/29 22:49:04
ロト6研究所,2115-20260629-bayesian_estimation-2,2115,2,08,下一桁分析,あり,なし,0.0,2026/06/29 22:49:04
ロト6研究所,2115-20260629-bayesian_estimation-2,2115,2,08,ペア分析,あり,なし,0.0,2026/06/29 22:49:04
ロト6研究所,2115-20260629-bayesian_estimation-2,2115,2,08,トリプル分析,あり,なし,0.0,2026/06/29 22:49:04
ロト6研究所,2115-20260629-bayesian_estimation-2,2115,2,08,ベイズ推定,あり,なし,0.0,2026/06/29 22:49:04
ロト6研究所,2115-20260629-bayesian_estimation-2,2115,2,08,機械学習モデル,あり,なし,0.0,2026/06/29 22:49:04
ロト6研究所,2115-20260629-bayesian_estimation-2,2115,2,08,ランダム予測モデル,あり,なし,0.0,2026/06/29 22:49:04
ロト6研究所,2115-20260629-bayesian_estimation-2,2115,2,28,ホットナンバー分析,あり,なし,0.0,2026/06/29 22:49:04
ロト6研究所,2115-20260629-bayesian_estimation-2,2115,2,28,奇数偶数分析,あり,なし,0.0,2026/06/29 22:49:04
ロト6研究所,2115-20260629-bayesian_estimation-2,2115,2,28,合計値分析,あり,なし,0.0,2026/06/29 22:49:04
ロト6研究所,2115-20260629-bayesian_estimation-2,2115,2,28,連番分析,あり,なし,0.0,2026/06/29 22:49:04
ロト6研究所,2115-20260629-bayesian_estimation-2,2115,2,28,下一桁分析,あり,なし,0.0,2026/06/29 22:49:04
ロト6研究所,2115-20260629-bayesian_estimation-2,2115,2,28,ペア分析,あり,なし,0.0,2026/06/29 22:49:04
ロト6研究所,2115-20260629-bayesian_estimation-2,2115,2,28,トリプル分析,あり,なし,0.0,2026/06/29 22:49:04
ロト6研究所,2115-20260629-bayesian_estimation-2,2115,2,28,ボーナス数字分析,あり,なし,0.0,2026/06/29 22:49:04
ロト6研究所,2115-20260629-bayesian_estimation-2,2115,2,28,ベイズ推定,あり,なし,0.0,2026/06/29 22:49:04
ロト6研究所,2115-20260629-bayesian_estimation-2,2115,2,28,機械学習モデル,あり,なし,0.0,2026/06/29 22:49:04
ロト6研究所,2115-20260629-bayesian_estimation-2,2115,2,38,出現頻度分析,あり,なし,0.0,2026/06/29 22:49:04
ロト6研究所,2115-20260629-bayesian_estimation-2,2115,2,38,ホットナンバー分析,あり,なし,0.0,2026/06/29 22:49:04
ロト6研究所,2115-20260629-bayesian_estimation-2,2115,2,38,奇数偶数分析,あり,なし,0.0,2026/06/29 22:49:04
ロト6研究所,2115-20260629-bayesian_estimation-2,2115,2,38,高低分析,あり,なし,0.0,2026/06/29 22:49:04
ロト6研究所,2115-20260629-bayesian_estimation-2,2115,2,38,連番分析,あり,なし,0.0,2026/06/29 22:49:04
ロト6研究所,2115-20260629-bayesian_estimation-2,2115,2,38,下一桁分析,あり,なし,0.0,2026/06/29 22:49:04
ロト6研究所,2115-20260629-bayesian_estimation-2,2115,2,38,ペア分析,あり,なし,0.0,2026/06/29 22:49:04
ロト6研究所,2115-20260629-bayesian_estimation-2,2115,2,38,ベイズ推定,あり,なし,0.0,2026/06/29 22:49:04
ロト6研究所,2115-20260629-bayesian_estimation-2,2115,2,38,モンテカルロシミュレーション,あり,なし,0.0,2026/06/29 22:49:04
ロト6研究所,2115-20260629-bayesian_estimation-2,2115,2,43,ホットナンバー分析,あり,なし,0.0,2026/06/29 22:49:04
ロト6研究所,2115-20260629-bayesian_estimation-2,2115,2,43,高低分析,あり,なし,0.0,2026/06/29 22:49:04
ロト6研究所,2115-20260629-bayesian_estimation-2,2115,2,43,連番分析,あり,なし,0.0,2026/06/29 22:49:04
ロト6研究所,2115-20260629-bayesian_estimation-2,2115,2,43,下一桁分析,あり,なし,0.0,2026/06/29 22:49:04
ロト6研究所,2115-20260629-bayesian_estimation-2,2115,2,43,ペア分析,あり,なし,0.0,2026/06/29 22:49:04
ロト6研究所,2115-20260629-bayesian_estimation-2,2115,2,43,トリプル分析,あり,なし,0.0,2026/06/29 22:49:04
ロト6研究所,2115-20260629-bayesian_estimation-2,2115,2,43,ボーナス数字分析,あり,なし,0.0,2026/06/29 22:49:04
ロト6研究所,2115-20260629-bayesian_estimation-2,2115,2,43,マルコフ連鎖,あり,なし,0.0,2026/06/29 22:49:04
ロト6研究所,2115-20260629-bayesian_estimation-2,2115,2,43,ベイズ推定,あり,なし,0.0,2026/06/29 22:49:04
ロト6研究所,2115-20260629-bayesian_estimation-2,2115,2,43,モンテカルロシミュレーション,あり,なし,0.0,2026/06/29 22:49:04
ロト6研究所,2115-20260629-bayesian_estimation-2,2115,2,43,機械学習モデル,あり,なし,0.0,2026/06/29 22:49:04
ロト6研究所,2115-20260629-bayesian_estimation-2,2115,2,43,ランダム予測モデル,あり,なし,0.0,2026/06/29 22:49:04
ロト6研究所,2115-20260629-bayesian_estimation-3,2115,3,01,ホットナンバー分析,あり,あり,0.3333,2026/06/29 22:49:07
ロト6研究所,2115-20260629-bayesian_estimation-3,2115,3,01,連番分析,あり,あり,0.3333,2026/06/29 22:49:07
ロト6研究所,2115-20260629-bayesian_estimation-3,2115,3,01,ベイズ推定,あり,あり,0.3333,2026/06/29 22:49:07
ロト6研究所,2115-20260629-bayesian_estimation-3,2115,3,06,出現頻度分析,あり,なし,0.0,2026/06/29 22:49:07
ロト6研究所,2115-20260629-bayesian_estimation-3,2115,3,06,コールドナンバー分析,あり,なし,0.0,2026/06/29 22:49:07
ロト6研究所,2115-20260629-bayesian_estimation-3,2115,3,06,奇数偶数分析,あり,なし,0.0,2026/06/29 22:49:07
ロト6研究所,2115-20260629-bayesian_estimation-3,2115,3,06,下一桁分析,あり,なし,0.0,2026/06/29 22:49:07
ロト6研究所,2115-20260629-bayesian_estimation-3,2115,3,06,ペア分析,あり,なし,0.0,2026/06/29 22:49:07
ロト6研究所,2115-20260629-bayesian_estimation-3,2115,3,06,トリプル分析,あり,なし,0.0,2026/06/29 22:49:07
ロト6研究所,2115-20260629-bayesian_estimation-3,2115,3,06,ボーナス数字分析,あり,なし,0.0,2026/06/29 22:49:07
ロト6研究所,2115-20260629-bayesian_estimation-3,2115,3,06,ベイズ推定,あり,なし,0.0,2026/06/29 22:49:07
ロト6研究所,2115-20260629-bayesian_estimation-3,2115,3,06,モンテカルロシミュレーション,あり,なし,0.0,2026/06/29 22:49:07
ロト6研究所,2115-20260629-bayesian_estimation-3,2115,3,06,機械学習モデル,あり,なし,0.0,2026/06/29 22:49:07
ロト6研究所,2115-20260629-bayesian_estimation-3,2115,3,08,ホットナンバー分析,あり,なし,0.0,2026/06/29 22:49:07
ロト6研究所,2115-20260629-bayesian_estimation-3,2115,3,08,高低分析,あり,なし,0.0,2026/06/29 22:49:07
ロト6研究所,2115-20260629-bayesian_estimation-3,2115,3,08,下一桁分析,あり,なし,0.0,2026/06/29 22:49:07
ロト6研究所,2115-20260629-bayesian_estimation-3,2115,3,08,ペア分析,あり,なし,0.0,2026/06/29 22:49:07
ロト6研究所,2115-20260629-bayesian_estimation-3,2115,3,08,トリプル分析,あり,なし,0.0,2026/06/29 22:49:07
ロト6研究所,2115-20260629-bayesian_estimation-3,2115,3,08,ベイズ推定,あり,なし,0.0,2026/06/29 22:49:07
ロト6研究所,2115-20260629-bayesian_estimation-3,2115,3,08,機械学習モデル,あり,なし,0.0,2026/06/29 22:49:07
ロト6研究所,2115-20260629-bayesian_estimation-3,2115,3,08,ランダム予測モデル,あり,なし,0.0,2026/06/29 22:49:07
ロト6研究所,2115-20260629-bayesian_estimation-3,2115,3,27,出現頻度分析,あり,なし,0.0,2026/06/29 22:49:07
ロト6研究所,2115-20260629-bayesian_estimation-3,2115,3,27,ホットナンバー分析,あり,なし,0.0,2026/06/29 22:49:07
ロト6研究所,2115-20260629-bayesian_estimation-3,2115,3,27,合計値分析,あり,なし,0.0,2026/06/29 22:49:07
ロト6研究所,2115-20260629-bayesian_estimation-3,2115,3,27,連番分析,あり,なし,0.0,2026/06/29 22:49:07
ロト6研究所,2115-20260629-bayesian_estimation-3,2115,3,27,ペア分析,あり,なし,0.0,2026/06/29 22:49:07
ロト6研究所,2115-20260629-bayesian_estimation-3,2115,3,27,ボーナス数字分析,あり,なし,0.0,2026/06/29 22:49:07
ロト6研究所,2115-20260629-bayesian_estimation-3,2115,3,27,ベイズ推定,あり,なし,0.0,2026/06/29 22:49:07
ロト6研究所,2115-20260629-bayesian_estimation-3,2115,3,27,モンテカルロシミュレーション,あり,なし,0.0,2026/06/29 22:49:07
ロト6研究所,2115-20260629-bayesian_estimation-3,2115,3,27,機械学習モデル,あり,なし,0.0,2026/06/29 22:49:07
ロト6研究所,2115-20260629-bayesian_estimation-3,2115,3,27,ランダム予測モデル,あり,なし,0.0,2026/06/29 22:49:07
ロト6研究所,2115-20260629-bayesian_estimation-3,2115,3,36,ホットナンバー分析,あり,なし,0.0,2026/06/29 22:49:07
ロト6研究所,2115-20260629-bayesian_estimation-3,2115,3,36,奇数偶数分析,あり,なし,0.0,2026/06/29 22:49:07
ロト6研究所,2115-20260629-bayesian_estimation-3,2115,3,36,高低分析,あり,なし,0.0,2026/06/29 22:49:07
ロト6研究所,2115-20260629-bayesian_estimation-3,2115,3,36,連番分析,あり,なし,0.0,2026/06/29 22:49:07
ロト6研究所,2115-20260629-bayesian_estimation-3,2115,3,36,下一桁分析,あり,なし,0.0,2026/06/29 22:49:07
ロト6研究所,2115-20260629-bayesian_estimation-3,2115,3,36,ペア分析,あり,なし,0.0,2026/06/29 22:49:07
ロト6研究所,2115-20260629-bayesian_estimation-3,2115,3,36,トリプル分析,あり,なし,0.0,2026/06/29 22:49:07
ロト6研究所,2115-20260629-bayesian_estimation-3,2115,3,36,ベイズ推定,あり,なし,0.0,2026/06/29 22:49:07
ロト6研究所,2115-20260629-bayesian_estimation-3,2115,3,36,機械学習モデル,あり,なし,0.0,2026/06/29 22:49:07
ロト6研究所,2115-20260629-bayesian_estimation-3,2115,3,43,ホットナンバー分析,あり,なし,0.0,2026/06/29 22:49:07
ロト6研究所,2115-20260629-bayesian_estimation-3,2115,3,43,高低分析,あり,なし,0.0,2026/06/29 22:49:07
ロト6研究所,2115-20260629-bayesian_estimation-3,2115,3,43,連番分析,あり,なし,0.0,2026/06/29 22:49:07
ロト6研究所,2115-20260629-bayesian_estimation-3,2115,3,43,下一桁分析,あり,なし,0.0,2026/06/29 22:49:07
ロト6研究所,2115-20260629-bayesian_estimation-3,2115,3,43,ペア分析,あり,なし,0.0,2026/06/29 22:49:07
ロト6研究所,2115-20260629-bayesian_estimation-3,2115,3,43,トリプル分析,あり,なし,0.0,2026/06/29 22:49:07
ロト6研究所,2115-20260629-bayesian_estimation-3,2115,3,43,ボーナス数字分析,あり,なし,0.0,2026/06/29 22:49:07
ロト6研究所,2115-20260629-bayesian_estimation-3,2115,3,43,マルコフ連鎖,あり,なし,0.0,2026/06/29 22:49:07
ロト6研究所,2115-20260629-bayesian_estimation-3,2115,3,43,ベイズ推定,あり,なし,0.0,2026/06/29 22:49:07
ロト6研究所,2115-20260629-bayesian_estimation-3,2115,3,43,モンテカルロシミュレーション,あり,なし,0.0,2026/06/29 22:49:07
ロト6研究所,2115-20260629-bayesian_estimation-3,2115,3,43,機械学習モデル,あり,なし,0.0,2026/06/29 22:49:07
ロト6研究所,2115-20260629-bayesian_estimation-3,2115,3,43,ランダム予測モデル,あり,なし,0.0,2026/06/29 22:49:07
